"","ListingKey","Term","LoanOriginationDate","LoanOriginalAmount","MonthlyLoanPayment","ProsperScore","ProsperRisk"
"5","0F023589499656230C5E3E2","36",2013-09-20,15000,563.97,4,"3 <= Score <= 5"
"6","0F05359734824199381F61D","60",2013-12-24,15000,342.37,10,"Score >= 9"
"7","0F0A3576754255009D63151","36",2013-04-18,3000,122.67,2,"1 <= Score <= 2"
"8","0F1035772717087366F9EA7","36",2013-05-13,10000,372.6,4,"3 <= Score <= 5"
"9","0F043596202561788EA13D5","36",2013-12-12,10000,305.54,9,"Score >= 9"
"10","0F043596202561788EA13D5","36",2013-12-12,10000,305.54,11,"Score >= 9"
"14","0F1C3583260311305D68F87","36",2013-07-18,8500,275.63,8,"6 <= Score <= 8"
"15","0F353575943675863D1AFC0","60",2013-05-13,19330,415.37,8,"6 <= Score <= 8"
"17","0F4835843081468212F0892","60",2013-07-18,4000,124.76,4,"3 <= Score <= 5"
"19","0FF2357105361877390B58D","36",2013-03-11,15000,482.18,7,"6 <= Score <= 8"
"20","0FFC35866018516621B0D3F","60",2013-10-10,6500,180.45,8,"6 <= Score <= 8"
"21","101635959323992333B3C70","36",2013-11-29,14000,472.66,7,"6 <= Score <= 8"
"23","101735700321773921526BF","36",2013-02-05,4000,172.76,2,"1 <= Score <= 2"
"24","101B35764008108187B2EBA","36",2013-04-26,2000,78.67,5,"3 <= Score <= 5"
"25","101B3596709094692AC79C0","36",2013-12-18,4000,141.02,5,"3 <= Score <= 5"
"26","10223590888942486E3826E","36",2013-10-10,4000,161.78,3,"3 <= Score <= 5"
"27","0F4F3571508214190FD75CB","60",2013-02-21,4000,124.76,3,"3 <= Score <= 5"
"29","0F53359346357513247D86B","36",2013-11-13,10000,354.54,4,"3 <= Score <= 5"
"37","1092359520343159157D1AC","36",2013-12-11,10000,416.34,2,"1 <= Score <= 2"
"38","10993590382481129382160","36",2013-09-30,5000,197.98,6,"6 <= Score <= 8"
"39","109A35861259973172F6548","36",2013-08-22,7000,218.03,9,"Score >= 9"
"44","10B93591610781064F9C46B","36",2013-10-10,5000,179.76,6,"6 <= Score <= 8"
"45","0F823581900037042AC6A5E","36",2013-06-27,16000,573.15,5,"3 <= Score <= 5"
"46","0F843574249889932A8662E","60",2013-04-10,25000,543.44,7,"6 <= Score <= 8"
"48","0F8B3577039176552F6CC26","36",2013-05-13,15000,505.34,8,"6 <= Score <= 8"
"49","0F923587782964897A58B1B","60",2013-08-28,15000,358.35,6,"6 <= Score <= 8"
"50","0F9D3585166658459B9AC30","60",2013-08-21,25000,524.92,10,"Score >= 9"
"51","0FA035965589061761C3D7A","60",2013-12-19,10000,273.35,5,"3 <= Score <= 5"
"53","0FAA357428986754861A3E6","36",2013-03-27,7000,230.93,6,"6 <= Score <= 8"
"54","0FA3356960850383539D362","36",2013-02-05,3000,122.67,4,"3 <= Score <= 5"
"56","0FC13592826344497AFB874","36",2013-11-01,10000,341.73,7,"6 <= Score <= 8"
"57","0FD235896044348280704B9","36",2013-09-19,15000,547.57,4,"3 <= Score <= 5"
"59","0FF735841515827770331DF","60",2013-07-24,8000,191.12,6,"6 <= Score <= 8"
"61","101735933549003126EF74E","60",2013-11-07,25000,620.64,7,"6 <= Score <= 8"
"62","10223596029543318E1A9FB","36",2013-12-09,2000,67.14,8,"6 <= Score <= 8"
"65","0F1B35892502944590155D8","36",2013-10-09,5000,204.1,4,"3 <= Score <= 5"
"71","0F3835813277303416C07A2","36",2013-07-03,10000,374.14,6,"6 <= Score <= 8"
"74","0DE83585214289256D08313","36",2013-07-19,4000,154.26,3,"3 <= Score <= 5"
"76","0DF535815829610812D7705","36",2013-07-01,4000,166.73,2,"1 <= Score <= 2"
"80","0E193575764412056DAE671","36",2013-04-18,22500,841.81,5,"3 <= Score <= 5"
"83","10623584773904550935540","36",2013-07-19,4000,168.32,2,"1 <= Score <= 2"
"85","106735874092648468C4A6E","60",2013-09-04,20000,528.1,5,"3 <= Score <= 5"
"100","0F663588983215130695EB3","60",2013-09-19,10000,206.08,10,"Score >= 9"
"101","0F67356860455769574096F","36",2013-01-30,4000,172.76,3,"3 <= Score <= 5"
"105","0F8435958508525579E0C8D","36",2013-12-16,15000,528.84,5,"3 <= Score <= 5"
"116","10E63597067945844E559D0","60",2013-12-06,2000,52.65,6,"6 <= Score <= 8"
"117","0F4935925465944189E3E7C","60",2013-10-25,15000,377.64,6,"6 <= Score <= 8"
"120","0F5235969768792992BD77F","36",2013-12-05,15000,545.3,4,"3 <= Score <= 5"
"125","10DF35877947474891E2343","60",2013-08-27,15000,378.38,6,"6 <= Score <= 8"
"130","111335777080426187DABBE","36",2013-05-10,10000,393.33,2,"1 <= Score <= 2"
"131","111835892846741953F498C","60",2013-09-13,10000,277.61,6,"6 <= Score <= 8"
"135","10FC359299660914790898F","36",2013-10-28,6000,237.58,4,"3 <= Score <= 5"
"136","11023592403082400775759","36",2013-10-25,4000,168.17,2,"1 <= Score <= 2"
"142","348A358496682608062923B","60",2013-08-07,9000,260.59,4,"3 <= Score <= 5"
"146","34A435890358538545FC9C4","36",2013-09-12,22000,777.7,6,"6 <= Score <= 8"
"149","34B535980974400531231A8","36",2013-12-31,10000,313.78,8,"6 <= Score <= 8"
"153","106F35923604803414D8E04","36",2013-10-30,10000,375.98,3,"3 <= Score <= 5"
"154","10713594154052807283D9C","60",2013-11-29,15000,429.69,4,"3 <= Score <= 5"
"155","107B3591400829838E5C400","60",2013-10-23,15000,386.64,3,"3 <= Score <= 5"
"162","10453596739685417502B89","36",2013-12-26,4000,135.84,4,"3 <= Score <= 5"
"167","34B6359368663383034A263","36",2013-11-06,3500,151.16,2,"1 <= Score <= 2"
"169","34BB35893883024496662F5","36",2013-09-13,4500,161.78,7,"6 <= Score <= 8"
"175","34E13569083162821956F5F","36",2013-01-24,3600,113.88,10,"Score >= 9"
"181","0F4C35965009736891E5D16","36",2013-12-30,7500,277.58,3,"3 <= Score <= 5"
"182","0F4E35955261089459E8093","36",2013-11-20,4000,168.17,3,"3 <= Score <= 5"
"188","2D5A3586746849639718666","36",2013-08-22,3500,124.42,4,"3 <= Score <= 5"
"191","2D663593594676625A57EB1","60",2013-10-25,15000,377.64,6,"6 <= Score <= 8"
"193","2D773581713064168BCF5CC","60",2013-06-20,15000,461.26,4,"3 <= Score <= 5"
"196","10AE357827721554660AC5B","60",2013-05-17,15000,378.38,5,"3 <= Score <= 5"
"203","2E9F35823157750886392FC","36",2013-06-28,10000,366.51,5,"3 <= Score <= 5"
"204","2EAB3589784885230AC3659","36",2013-09-16,20000,640.57,8,"6 <= Score <= 8"
"210","2EFC35818388909896DF5AB","36",2013-07-03,4000,165.15,2,"1 <= Score <= 2"
"212","10EC3592924283379741ED5","60",2013-11-06,15000,375.21,7,"6 <= Score <= 8"
"215","10333580913944779107931","60",2013-06-20,10000,275,5,"3 <= Score <= 5"
"217","1043357795230175365A344","36",2013-05-10,4000,165.15,2,"1 <= Score <= 2"
"219","10583571884290224529BF5","36",2013-03-18,10000,349.55,4,"3 <= Score <= 5"
"222","2F0835795456070189F7855","60",2013-05-24,15000,343.91,8,"6 <= Score <= 8"
"224","2F243591142788191D1D8C5","36",2013-10-10,7000,229.14,6,"6 <= Score <= 8"
"228","2EA73596881900991971D30","36",2013-12-05,15000,531.44,6,"6 <= Score <= 8"
"229","2EAA359566276036539F78C","60",2013-11-27,9000,234.21,5,"3 <= Score <= 5"
"231","10743585536867975C08BD4","60",2013-08-08,8000,178.72,7,"6 <= Score <= 8"
"235","11BE35842473562903D159C","60",2013-07-25,30000,701.01,9,"Score >= 9"
"236","11C8359156145385216A0A4","60",2013-10-18,15000,380.9,7,"6 <= Score <= 8"
"237","11D335932344051959C94C6","36",2013-11-08,9000,274,11,"Score >= 9"
"238","11DB359615393503181349A","36",2013-12-17,4000,141.02,3,"3 <= Score <= 5"
"239","2EAF3583227932540324550","60",2013-06-28,15000,405.72,5,"3 <= Score <= 5"
"245","2FFE3582297496473582C07","36",2013-06-25,4000,168.32,2,"1 <= Score <= 2"
"247","11DD3574038642978A7FBC5","60",2013-03-27,15000,419.33,4,"3 <= Score <= 5"
"255","10193577892073873339872","36",2013-04-29,4000,163.56,2,"1 <= Score <= 2"
"257","30213585293212475746CC7","36",2013-08-12,3000,108.07,4,"3 <= Score <= 5"
"283","107B3579299661826B2AED7","36",2013-06-17,20000,694.19,4,"3 <= Score <= 5"
"286","117B3579340421176C5411E","36",2013-05-21,5000,181.36,4,"3 <= Score <= 5"
"295","308E3592401696250EA40B6","60",2013-10-23,20000,444.79,10,"Score >= 9"
"296","30923592331569315C0A8B1","36",2013-10-29,8000,296.49,3,"3 <= Score <= 5"
"302","00813577272224430FC1CAA","36",2013-05-30,4000,166.73,2,"1 <= Score <= 2"
"308","08EE35956672069418D878A","36",2013-12-12,15000,501.01,4,"3 <= Score <= 5"
"314","09233589620788733CFB8CE","36",2013-11-18,15000,523.66,3,"3 <= Score <= 5"
"318","30C73578202697765A988E6","60",2013-05-22,15000,358.35,7,"6 <= Score <= 8"
"324","30DA35695751043589AB773","36",2013-02-01,7500,283.49,4,"3 <= Score <= 5"
"334","093F3590403579166593ACD","36",2013-10-02,8000,287.62,7,"6 <= Score <= 8"
"335","00A93571705469822AF1B6E","36",2013-02-26,12000,429.87,2,"1 <= Score <= 2"
"341","00D435855820315011A3633","36",2013-08-13,7000,220.94,10,"Score >= 9"
"344","30ED35791598170081753F3","60",2013-06-17,10000,252.25,6,"6 <= Score <= 8"
"348","311B359480041467029073B","36",2013-12-12,15000,497.43,7,"6 <= Score <= 8"
"350","313635901230654318A9030","36",2013-10-01,4000,135.72,5,"3 <= Score <= 5"
"358","09643589570147652404D2A","60",2013-09-17,20000,524.33,6,"6 <= Score <= 8"
"360","08EF3576721796653B20BD9","36",2013-05-17,10000,385.64,3,"3 <= Score <= 5"
"366","00D435912306936173395D7","36",2013-10-23,9000,282.82,10,"Score >= 9"
"374","31553584786951844441200","36",2013-08-12,3000,118,2,"1 <= Score <= 2"
"375","31693597083253967272470","36",2013-12-09,25000,854.44,5,"3 <= Score <= 5"
"378","2C603585612812663DBE819","60",2013-08-21,19000,429.3,7,"6 <= Score <= 8"
"379","2C623577680223142D5B1C8","60",2013-05-20,4000,108.19,3,"3 <= Score <= 5"
"383","08FB3590349860251EE472C","36",2013-10-09,7000,249.39,8,"6 <= Score <= 8"
"393","41123585984657686B77B80","60",2013-08-13,10000,223.41,7,"6 <= Score <= 8"
"395","41263590017496306246D65","60",2013-09-25,15000,390.35,6,"6 <= Score <= 8"
"398","00F73576880451894AC2493","60",2013-04-23,4000,128.65,3,"3 <= Score <= 5"
"399","00F735860185558781B452B","36",2013-08-22,15000,505.34,6,"6 <= Score <= 8"
"417","2C6C35884551371377C74D7","36",2013-10-16,4000,171.45,2,"1 <= Score <= 2"
"419","2C6E3566363828741E4AF45","36",2013-01-08,7000,256.56,6,"6 <= Score <= 8"
"420","2C71357856570789463BB05","36",2013-05-22,4000,172.76,3,"3 <= Score <= 5"
"421","2C7D3580022526634A1961E","36",2013-08-14,9000,340.19,8,"6 <= Score <= 8"
"427","44AC3574355132651FC0EFA","36",2013-03-20,3500,128.28,4,"3 <= Score <= 5"
"432","00F6359071238983063C0BF","36",2013-10-15,3000,104.29,8,"6 <= Score <= 8"
"435","01043580087553342D9A449","60",2013-06-17,3500,72.13,10,"Score >= 9"
"440","098135838089378457F5701","60",2013-08-21,7000,167.23,5,"3 <= Score <= 5"
"443","09AD35918712001025AC1BD","36",2013-12-23,5000,177.89,3,"3 <= Score <= 5"
"445","09CD3592594126374FB0A7C","36",2013-12-16,25000,917.03,4,"3 <= Score <= 5"
"446","09CE359703430815642F6B0","36",2013-12-31,20000,649.01,7,"6 <= Score <= 8"
"447","09E03595831427966EE4111","36",2013-12-12,15000,486.76,9,"Score >= 9"
"454","31AC3591711840431B14DCD","36",2013-10-30,10000,332.1,5,"3 <= Score <= 5"
"459","44CC35929468604657DB75D","60",2013-11-14,7000,187.21,4,"3 <= Score <= 5"
"461","44E73584436289505F20F76","60",2013-07-22,10000,283,3,"3 <= Score <= 5"
"462","44F2358557406858060EBDE","60",2013-10-08,15000,369.57,6,"6 <= Score <= 8"
"463","44FA357293896634887CCF5","60",2013-03-15,16000,387.31,5,"3 <= Score <= 5"
"464","44FB3579057138259A03111","60",2013-05-23,10000,225.95,9,"Score >= 9"
"468","09A1359398277283048E523","36",2013-11-25,3600,134.62,5,"3 <= Score <= 5"
"473","09BC3596895711964C4ABA8","36",2013-12-20,4000,144.51,4,"3 <= Score <= 5"
"475","013E3570006582421416CAD","36",2013-02-08,6000,187.99,10,"Score >= 9"
"480","010235774885928177EC84F","36",2013-05-15,18000,667.02,3,"3 <= Score <= 5"
"482","01093596650895777AF7A70","36",2013-12-04,20000,686.96,4,"3 <= Score <= 5"
"484","31D335889396146095E1939","60",2013-09-13,21000,550.55,4,"3 <= Score <= 5"
"485","31D635736176096575DEC4F","60",2013-04-19,15000,358.35,4,"3 <= Score <= 5"
"486","31D83590275423037547EB1","60",2013-10-11,15000,393.25,4,"3 <= Score <= 5"
"493","450935699054612586A8915","12",2013-02-20,4000,354.96,7,"6 <= Score <= 8"
"497","450F3573988257953846D1B","36",2013-04-11,3000,121.5,3,"3 <= Score <= 5"
"503","08A5359196612924149CC06","36",2013-11-08,19000,612.18,10,"Score >= 9"
"504","08A835786714147167F13DD","36",2013-05-09,10000,351.52,5,"3 <= Score <= 5"
"505","08C1357017318038085E85C","36",2013-02-06,13000,428.87,8,"6 <= Score <= 8"
"506","08C23597271580745A1CB87","36",2013-12-11,8000,278.7,2,"1 <= Score <= 2"
"510","090635932520782700637A9","36",2013-11-19,13000,422.53,10,"Score >= 9"
"511","010B359028658334976D418","60",2013-09-20,6500,183.61,4,"3 <= Score <= 5"
"512","009035862344167279EDC72","36",2013-08-06,2500,87.39,4,"3 <= Score <= 5"
"514","009D3584881012181C31459","36",2013-08-08,8000,311.6,4,"3 <= Score <= 5"
"515","00A53585009591879980184","36",2013-07-26,5000,163.43,8,"6 <= Score <= 8"
"516","00A7356976725157427DA22","60",2013-02-12,5000,104.98,10,"Score >= 9"
"518","00C43572792905796C576B5","60",2013-02-28,4200,91.3,9,"Score >= 9"
"525","32353595979224645CF82D3","60",2013-12-16,15000,423.2,4,"3 <= Score <= 5"
"531","3BC5359241249799953BB4B","36",2013-11-01,2000,69.82,7,"6 <= Score <= 8"
"535","3BE835801695340942E82D5","36",2013-06-05,3500,144.51,2,"1 <= Score <= 2"
"541","454F359502858630924B82C","36",2013-11-19,15000,537.03,8,"6 <= Score <= 8"
"543","4562359675490347919BF37","36",2013-12-16,15000,547.95,3,"3 <= Score <= 5"
"545","457F3586546206267131E78","36",2013-08-30,4000,130.75,7,"6 <= Score <= 8"
"548","09283582852032408EF76AC","36",2013-07-15,13000,459.55,7,"6 <= Score <= 8"
"549","092C3579889857066D15119","36",2013-05-20,4000,155.8,4,"3 <= Score <= 5"
"553","094E35930348866831EFBEB","36",2013-11-08,15000,560.9,4,"3 <= Score <= 5"
"555","091B3596837609725239239","60",2013-12-23,20000,406.39,11,"Score >= 9"
"557","00B13590232912622E53BFD","36",2013-10-04,10000,400.19,4,"3 <= Score <= 5"
"558","00C43588253423093297670","36",2013-08-29,12000,413.58,4,"3 <= Score <= 5"
"561","00E83596797497784E91B80","36",2013-12-20,10000,335.69,6,"6 <= Score <= 8"
"562","00E9357631185472594BC5A","36",2013-04-10,3200,122.19,2,"1 <= Score <= 2"
"566","32563595673920080D07C8A","60",2013-11-27,10000,278.18,4,"3 <= Score <= 5"
"576","3C0735689465562535178E3","60",2013-01-17,2100,67.45,6,"6 <= Score <= 8"
"579","3C203595510064820A17C28","36",2013-12-11,2000,66.8,9,"Score >= 9"
"581","3C3235898482077791E21B8","36",2013-09-24,3000,122.46,2,"1 <= Score <= 2"
"582","459A3595913137628DA21D6","36",2013-12-26,4000,146.73,5,"3 <= Score <= 5"
"584","45A535957941658379C6031","36",2013-11-26,8000,287.62,4,"3 <= Score <= 5"
"588","45AF3570274605932486410","36",2013-02-28,10850,422.59,4,"3 <= Score <= 5"
"593","091E3582443770619D70A09","60",2013-07-05,20000,561.97,4,"3 <= Score <= 5"
"594","091E3598550637223643B05","60",2013-12-27,15000,392.42,4,"3 <= Score <= 5"
"596","0941359794753635521DE17","60",2013-12-23,10000,234.5,6,"6 <= Score <= 8"
"603","3C4E3570028573467FCB767","60",2013-02-19,6000,178.9,4,"3 <= Score <= 5"
"604","3C4E358385462445476C05C","36",2013-07-10,4000,160.44,2,"1 <= Score <= 2"
"607","3C6C357164641405815A03A","36",2013-03-11,5000,157.81,10,"Score >= 9"
"611","00DA35941477580587105C2","60",2013-11-07,15000,369.57,7,"6 <= Score <= 8"
"613","00E6359053237781818B112","60",2013-10-09,4000,120.45,3,"3 <= Score <= 5"
"615","00F13595573075690B0E973","36",2013-11-27,15000,555.16,4,"3 <= Score <= 5"
"617","32783591225843246C648CA","36",2013-10-10,14000,455.03,5,"3 <= Score <= 5"
"619","327F3584359814679FEC75A","36",2013-07-30,7000,272.65,3,"3 <= Score <= 5"
"621","2C7535810689336884BCEFD","36",2013-06-28,4000,149.65,3,"3 <= Score <= 5"
"623","2C7B3586796427455CA497C","60",2013-08-20,20000,441.76,7,"6 <= Score <= 8"
"630","45E635920357007412F3FC8","36",2013-10-16,15000,495.28,3,"3 <= Score <= 5"
"631","45F33587466842667C8DA28","36",2013-09-11,10000,360.22,4,"3 <= Score <= 5"
"634","07FB35970598962377DCEA7","36",2013-12-19,30000,966.61,11,"Score >= 9"
"638","082935799639007458EBFA9","36",2013-06-03,35000,1223.42,6,"6 <= Score <= 8"
"640","08313592195459979BADE99","60",2013-10-21,4000,127.58,3,"3 <= Score <= 5"
"642","08BB35960689383354F3E10","36",2013-12-06,15000,541.91,7,"6 <= Score <= 8"
"643","3C7035759111193830D688B","36",2013-04-29,11000,339.6,10,"Score >= 9"
"644","3C7A3594594597397BF5EC4","36",2013-12-09,15000,528.84,8,"6 <= Score <= 8"
"647","3CA035926397373063D3C87","60",2013-10-17,15000,398.66,7,"6 <= Score <= 8"
"648","3CAF3580096380178D5C95F","60",2013-05-31,10000,275,5,"3 <= Score <= 5"
"650","3CC035957723511842C5EB2","36",2013-12-13,30000,994.85,9,"Score >= 9"
"654","00E83577552293068E85705","60",2013-06-18,15000,455.52,2,"1 <= Score <= 2"
"658","00FB3596754665887CB691D","36",2013-12-31,15000,531.44,7,"6 <= Score <= 8"
"659","010835817016877113BB4BA","60",2013-07-10,10000,206.08,10,"Score >= 9"
"661","2C8C3578916295740676353","60",2013-06-03,15000,343.91,6,"6 <= Score <= 8"
"662","3731358783860820011760A","36",2013-09-17,6000,197.94,7,"6 <= Score <= 8"
"672","461235965627950776997F2","36",2013-12-06,20000,696.74,4,"3 <= Score <= 5"
"673","461835971297025613CD6E7","36",2013-12-19,4000,142.31,5,"3 <= Score <= 5"
"675","46223584406799302BDBA66","36",2013-07-26,10000,374.14,3,"3 <= Score <= 5"
"677","462935877003282892DD443","36",2013-09-10,15000,467.21,9,"Score >= 9"
"678","08BC3578623464934AD86C5","60",2013-05-28,25000,670.58,4,"3 <= Score <= 5"
"681","08DE3590037836171E38037","36",2013-09-27,3500,148.56,2,"1 <= Score <= 2"
"682","08E73594975919858533B39","36",2013-12-03,15000,545.3,2,"1 <= Score <= 2"
"686","0924358205478141807A91A","60",2013-06-19,10000,238.9,6,"6 <= Score <= 8"
"688","3CD93594836025409102D9C","60",2013-11-26,35000,814.21,10,"Score >= 9"
"691","3CE83593217028064B104AB","60",2013-11-07,15000,326.06,11,"Score >= 9"
"692","3CF93578474082698935D49","60",2013-05-09,8000,193.65,5,"3 <= Score <= 5"
"696","01143579379327257C07C5A","36",2013-06-10,15000,486.41,6,"6 <= Score <= 8"
"697","008D358112169045235022D","60",2013-06-26,15000,363.1,6,"6 <= Score <= 8"
"700","00C335828766489310EED7F","36",2013-07-17,5000,176.75,5,"3 <= Score <= 5"
"701","00C335965103996181EB7B4","36",2013-12-11,15000,528.84,2,"1 <= Score <= 2"
"702","00C43579430889047256108","60",2013-05-28,15000,382.45,5,"3 <= Score <= 5"
"706","37583595191788231ED59F8","36",2013-12-02,5000,185.05,4,"3 <= Score <= 5"
"708","375D356964807654052BE85","36",2013-02-11,15000,566.98,3,"3 <= Score <= 5"
"709","37663595165024584AD87FE","36",2013-12-17,10000,329.24,6,"6 <= Score <= 8"
"713","46383592547065992AEA195","60",2013-10-23,20000,534.9,7,"6 <= Score <= 8"
"716","464C3593326169407A7975F","60",2013-11-05,20000,481.06,6,"6 <= Score <= 8"
"719","46553580674004427432D1D","36",2013-07-02,10000,347.09,6,"6 <= Score <= 8"
"724","09433596829618389465013","36",2013-12-31,4000,130.94,8,"6 <= Score <= 8"
"732","3D3A3597593544903D471E7","60",2013-12-13,10000,252.03,4,"3 <= Score <= 5"
"734","3D4C3596419441986113B75","60",2013-11-27,20000,472.13,5,"3 <= Score <= 5"
"735","3D5035942376267849BC5EB","36",2013-11-22,4000,161.67,2,"1 <= Score <= 2"
"739","31223589367070555E72A99","36",2013-09-11,25000,830.72,8,"6 <= Score <= 8"
"741","312935795010794151E52F9","36",2013-05-29,15000,516.97,6,"6 <= Score <= 8"
"742","3139359682313671884930D","60",2013-12-30,14000,366.26,4,"3 <= Score <= 5"
"743","313C3587994620894E05733","36",2013-09-06,4000,125.33,8,"6 <= Score <= 8"
"747","00CC358980075941060AB4D","60",2013-10-07,7000,188.78,6,"6 <= Score <= 8"
"749","00ED357299095876033730A","36",2013-03-28,4000,155.8,4,"3 <= Score <= 5"
"751","00FE35729553959812189BF","36",2013-03-25,10000,358.22,6,"6 <= Score <= 8"
"753","01133583100556270E8313B","36",2013-07-19,3500,117.91,7,"6 <= Score <= 8"
"757","466635953391540229706F5","60",2013-11-27,4950,133.5,5,"3 <= Score <= 5"
"760","467F35873058987824C966F","36",2013-10-08,11000,393.82,3,"3 <= Score <= 5"
"762","46893577997388346DED563","60",2013-06-10,11500,268.72,6,"6 <= Score <= 8"
"764","0A803594407124987F25A9F","60",2013-11-25,15000,345.07,8,"6 <= Score <= 8"
"766","0A883595605120998B2479B","60",2013-12-05,15000,342.37,11,"Score >= 9"
"768","09DD3585773442840EDA727","60",2013-08-20,7000,154.62,10,"Score >= 9"
"771","3D6035919831193329B2613","36",2013-10-30,15000,480.42,9,"Score >= 9"
"772","3D6435937004844127FA1D1","36",2013-11-21,19000,601.46,11,"Score >= 9"
"774","3D783597379918965D759B9","36",2013-12-31,6000,193.32,6,"6 <= Score <= 8"
"775","3D7C3590502800659746A5A","60",2013-10-04,15500,360.58,9,"Score >= 9"
"776","3D833586292505448DF4633","60",2013-08-23,10000,229.28,8,"6 <= Score <= 8"
"784","319F3582805598621B8DC2A","60",2013-07-17,10000,268.23,4,"3 <= Score <= 5"
"787","31B03593571025138646A7D","60",2013-11-19,26000,616.49,10,"Score >= 9"
"788","31D03572218562445845254","60",2013-03-08,10000,298.16,4,"3 <= Score <= 5"
"794","00DF359002447030629EBFC","60",2013-10-01,10000,248.26,7,"6 <= Score <= 8"
"799","02403581116097513559204","60",2013-07-05,16000,397.56,6,"6 <= Score <= 8"
"800","0246359039060213719C861","36",2013-09-20,12000,398.51,8,"6 <= Score <= 8"
"802","0251357580133382127582B","36",2013-04-12,4000,172.76,2,"1 <= Score <= 2"
"809","469C35808989156865C2584","36",2013-06-17,3000,109.95,4,"3 <= Score <= 5"
"812","46B53596376130207447016","36",2013-12-17,4000,161.67,2,"1 <= Score <= 2"
"813","46B73585299997091CE37FD","36",2013-10-17,10000,336.89,7,"6 <= Score <= 8"
"815","46C03582500205342C0CAC3","36",2013-06-26,3000,93.44,8,"6 <= Score <= 8"
"818","0A02358556942651029F36A","60",2013-08-16,25000,630.63,5,"3 <= Score <= 5"
"823","0A733586239476620EE18FC","36",2013-08-05,6000,233.7,4,"3 <= Score <= 5"
"826","3DA5358716113542125CAF4","60",2013-08-16,10000,285.3,3,"3 <= Score <= 5"
"830","3DB73587089046542FF0BEB","36",2013-09-09,8000,275.72,4,"3 <= Score <= 5"
"833","3DC73596916887630ABFB0A","36",2013-12-16,15000,547.95,4,"3 <= Score <= 5"
"834","31D735859703219242BEB59","36",2013-08-21,4000,160.44,2,"1 <= Score <= 2"
"838","31E73581821737306240B83","36",2013-06-21,20000,673.78,7,"6 <= Score <= 8"
"839","31E93595953037528D87469","36",2013-12-13,12000,438.36,4,"3 <= Score <= 5"
"841","32033590212151851A3D02B","60",2013-10-17,25000,597.38,8,"6 <= Score <= 8"
"842","32073594921105194F1658D","36",2013-11-18,10000,314.24,8,"6 <= Score <= 8"
"845","02C13593990735104291C76","36",2013-11-13,25000,926.54,4,"3 <= Score <= 5"
"846","02CB358366769768695629D","60",2013-07-26,10000,220.88,9,"Score >= 9"
"849","02DA3594616186472FD6517","60",2013-11-19,15000,429.69,4,"3 <= Score <= 5"
"852","46C93595246358103A47399","60",2013-12-09,2500,61.93,6,"6 <= Score <= 8"
"855","46DB3596355549260D55E24","60",2013-12-20,15000,336.63,11,"Score >= 9"
"857","46E035794581815445D307D","36",2013-05-21,4000,139.82,6,"6 <= Score <= 8"
"858","46E935897167053747AEF5C","36",2013-09-20,3000,111.19,5,"3 <= Score <= 5"
"861","0A7835764377406578AABF7","36",2013-04-23,7000,237.85,6,"6 <= Score <= 8"
"868","0ABE3579585608062D883B9","36",2013-05-22,9500,337.71,6,"6 <= Score <= 8"
"870","470235808723763465219A6","36",2013-07-01,4000,158.87,3,"3 <= Score <= 5"
"871","47033597033829240D7BD54","36",2013-12-13,7000,291.44,2,"1 <= Score <= 2"
"873","471235722876732763CF73C","60",2013-02-28,3100,77.03,5,"3 <= Score <= 5"
"875","43A13595931448729EE8EB4","60",2013-12-24,4000,105.31,4,"3 <= Score <= 5"
"876","43A235899245715998F9C33","60",2013-09-23,15000,352.14,5,"3 <= Score <= 5"
"878","3DCB3567405478720A365B0","36",2013-01-29,13000,421.55,9,"Score >= 9"
"885","3E173579297454629E210E2","36",2013-06-04,15000,530.25,4,"3 <= Score <= 5"
"887","3209358640080067053EFF0","60",2013-08-28,4000,115.82,4,"3 <= Score <= 5"
"888","3211359511341783439C232","36",2013-12-03,7500,250.51,4,"3 <= Score <= 5"
"892","322C358658702034473ACD6","60",2013-08-08,15000,326.06,7,"6 <= Score <= 8"
"893","32373570011011359E21263","36",2013-02-01,20000,703.04,6,"6 <= Score <= 8"
"895","0AC03594511677567B70AAB","36",2013-11-15,3600,126.92,5,"3 <= Score <= 5"
"900","0AFC3569081514462B77ABE","60",2013-02-08,20000,513,7,"6 <= Score <= 8"
"902","0A8F3595201741766C09C95","60",2013-12-05,23695,519.81,11,"Score >= 9"
"904","023035937561777024814A4","60",2013-11-19,15000,398.66,4,"3 <= Score <= 5"
"907","02563583917251585C2CB97","60",2013-07-15,4000,123,3,"3 <= Score <= 5"
"910","0274359078249392348BD7C","36",2013-10-28,4000,171.45,3,"3 <= Score <= 5"
"911","0277358959970515810F4B3","36",2013-09-10,5000,198.59,3,"3 <= Score <= 5"
"915","7A4435896330679201276DF","36",2013-09-18,10000,325.02,8,"6 <= Score <= 8"
"925","3E30359327847914691F941","36",2013-11-25,10000,336.89,5,"3 <= Score <= 5"
"927","3E383595280398424522BAA","36",2013-12-17,13000,460.58,4,"3 <= Score <= 5"
"930","3E4235923169526228C4006","36",2013-10-29,3000,121.34,2,"1 <= Score <= 2"
"933","3E4E3583344469470299F53","60",2013-07-18,10000,272.73,4,"3 <= Score <= 5"
"934","3E583594092369765509F3F","36",2013-11-22,7400,247.52,5,"3 <= Score <= 5"
"939","43AA359652704282910B4A2","36",2013-12-18,3500,123.4,5,"3 <= Score <= 5"
"941","43D93584640185972D2D228","36",2013-08-05,10000,370.57,3,"3 <= Score <= 5"
"946","44003589682848351729064","36",2013-09-19,7000,251.66,4,"3 <= Score <= 5"
"950","0A9C35867469452198E2C0B","36",2013-08-08,4000,163.56,2,"1 <= Score <= 2"
"954","0AB53592440017209F774C3","36",2013-11-04,8000,299.15,5,"3 <= Score <= 5"
"957","323C35940522262238D580E","36",2013-11-12,15000,553.64,2,"1 <= Score <= 2"
"964","328935795312325011A5168","36",2013-05-29,3000,101.07,8,"6 <= Score <= 8"
"965","329F35957494581885791EC","36",2013-12-02,15000,503.53,7,"6 <= Score <= 8"
"967","024235771825404935C2E32","60",2013-05-08,18500,402.14,8,"6 <= Score <= 8"
"968","02473569657548981381E6C","60",2013-02-21,13000,340.02,7,"6 <= Score <= 8"
"969","024C359581837625487637B","60",2013-12-18,15000,345.53,7,"6 <= Score <= 8"
"970","02503588328536962B91DB3","60",2013-08-29,10000,285.3,3,"3 <= Score <= 5"
"972","02613584221611441270808","36",2013-07-19,4000,160.44,2,"1 <= Score <= 2"
"975","3E733568883252899D08023","36",2013-01-24,2000,86.38,3,"3 <= Score <= 5"
"977","3E7B3584556553754C6282C","36",2013-08-09,15000,516.97,4,"3 <= Score <= 5"
"979","484A3596809367222AF7C53","60",2013-12-12,15000,398.24,6,"6 <= Score <= 8"
"981","485A3582421619702920A9F","60",2013-06-26,8500,216.72,3,"3 <= Score <= 5"
"982","48673590175643466463A7D","60",2013-10-10,4000,120.45,4,"3 <= Score <= 5"
"986","479A3585424993470B7F0BC","60",2013-08-13,4000,127.36,5,"3 <= Score <= 5"
"987","47B03595316615805A03B66","60",2013-11-27,15000,359.61,7,"6 <= Score <= 8"
"992","09D535719969938343F78E6","12",2013-03-01,4981,440.46,4,"3 <= Score <= 5"
"994","09E535939985665674B1873","36",2013-11-01,15000,487.54,4,"3 <= Score <= 5"
"996","09F83590616196103203AA7","36",2013-10-03,4000,172.76,2,"1 <= Score <= 2"
"998","0A053596042008404939E79","36",2013-11-29,10000,387.31,3,"3 <= Score <= 5"
"1001","32A6359674432028962C586","36",2013-12-09,4000,137.98,6,"6 <= Score <= 8"
"1002","32AA35966491030016E1114","36",2013-12-24,25000,877.08,6,"6 <= Score <= 8"
"1004","2E17358795283998052DC39","36",2013-09-18,4000,130.94,10,"Score >= 9"
"1012","01FF3576983535473F49EF9","36",2013-04-29,4000,158.87,2,"1 <= Score <= 2"
"1017","021E359544026607478823B","36",2013-11-26,7000,249.05,4,"3 <= Score <= 5"
"1020","356535790220836460FB171","36",2013-05-28,4000,161.99,2,"1 <= Score <= 2"
"1022","35683594374853628FF4636","36",2013-11-14,10000,387.62,3,"3 <= Score <= 5"
"1027","0A1B358974386711629A1B0","60",2013-09-30,10000,277.61,8,"6 <= Score <= 8"
"1028","0A2C359061157556008B0FE","60",2013-10-18,10000,248.26,6,"6 <= Score <= 8"
"1030","0A3435880030027306CD80B","36",2013-08-26,30000,1041.28,7,"6 <= Score <= 8"
"1032","0A443595594133217C1800E","60",2013-12-11,5000,130.81,4,"3 <= Score <= 5"
"1036","47CF35836391955978400A4","36",2013-07-23,12000,439.81,5,"3 <= Score <= 5"
"1043","43BA35889490266482DDD45","60",2013-09-25,20000,507.87,4,"3 <= Score <= 5"
"1047","2E3A3594728148214D8C338","36",2013-11-29,2000,66.8,8,"6 <= Score <= 8"
"1051","2E863590327815970834AFC","36",2013-09-19,4000,163.28,3,"3 <= Score <= 5"
"1052","2E8E3573112288791EACED3","36",2013-03-18,15000,520.64,5,"3 <= Score <= 5"
"1055","022C357999795495078DC45","60",2013-05-22,8000,238.53,3,"3 <= Score <= 5"
"1058","02163571984609097EE595B","60",2013-03-04,10000,276.7,4,"3 <= Score <= 5"
"1060","022835943645842807A790A","36",2013-12-20,10000,352.56,3,"3 <= Score <= 5"
"1062","35943597640456262624A0D","36",2013-12-27,15000,501.01,8,"6 <= Score <= 8"
"1069","35A43586339373116BA3266","36",2013-10-04,15000,491.01,9,"Score >= 9"
"1075","0A5735805705300415EBA02","36",2013-06-20,20000,737.07,4,"3 <= Score <= 5"
"1079","08D73596125671567C0E3C4","36",2013-12-03,5000,171.74,4,"3 <= Score <= 5"
"1080","43C03596191773119109637","36",2013-12-13,20000,619.01,10,"Score >= 9"
"1088","3FD33581102163875B28F41","60",2013-06-28,10000,223.41,8,"6 <= Score <= 8"
"1089","2E923592289439233211610","36",2013-10-09,4000,169.78,2,"1 <= Score <= 2"
"1090","2E973595380090624141224","60",2013-12-30,15000,354.1,5,"3 <= Score <= 5"
"1093","2EC03579941981546A2E485","60",2013-05-29,19000,479.28,5,"3 <= Score <= 5"
"1094","2EC635815694779360E6282","36",2013-06-27,6000,186.89,8,"6 <= Score <= 8"
"1095","2EC635885737984509D5366","60",2013-10-21,10000,244.24,6,"6 <= Score <= 8"
"1098","02363593768686462D877F1","60",2013-11-08,24000,573.48,10,"Score >= 9"
"1100","024A35971067004316DBB6F","36",2013-12-11,15000,550.22,3,"3 <= Score <= 5"
"1107","486F3595592225031846F2D","60",2013-12-13,15000,354.1,9,"Score >= 9"
"1109","48713596217312804717C6E","36",2013-12-16,3000,115.12,3,"3 <= Score <= 5"
"1110","48773567357256767602F31","36",2013-01-09,2000,72.04,5,"3 <= Score <= 5"
"1111","487D359203239474152EC0C","60",2013-10-24,15000,360.8,5,"3 <= Score <= 5"
"1112","4884358928040549915D091","60",2013-09-24,5000,150.56,4,"3 <= Score <= 5"
"1113","48913569931338738CE69E6","60",2013-02-05,12000,345.08,2,"1 <= Score <= 2"
"1126","3FE93595717671421F2007E","36",2013-12-26,3000,121.26,3,"3 <= Score <= 5"
"1129","43E235901451363021A6739","60",2013-10-18,15000,358.43,7,"6 <= Score <= 8"
"1134","2EE0358036162993320BA91","60",2013-06-05,10000,229.28,8,"6 <= Score <= 8"
"1136","2EF73583849271381BF8C30","60",2013-07-18,10000,233.67,6,"6 <= Score <= 8"
"1144","02723581569378951AFD9DE","60",2013-06-26,10000,252.25,6,"6 <= Score <= 8"
"1151","02543594453340460A6EC55","36",2013-11-19,10000,345.92,5,"3 <= Score <= 5"
"1152","42CF358470183550246BF72","36",2013-08-14,6000,200.69,6,"6 <= Score <= 8"
"1153","42D53585271406917B04FAF","36",2013-08-08,15000,544.09,4,"3 <= Score <= 5"
"1154","42E13597205647526F425AD","36",2013-12-27,8000,249.55,11,"Score >= 9"
"1157","42FC35877655107077F990F","36",2013-08-22,4000,155.8,2,"1 <= Score <= 2"
"1165","09F135786395904952F8B5B","36",2013-05-24,15000,566.98,4,"3 <= Score <= 5"
"1167","0A043582554436102ECB10E","60",2013-06-26,4000,126.04,6,"6 <= Score <= 8"
"1169","0A1435952473693548D133F","60",2013-11-27,10000,263.83,5,"3 <= Score <= 5"
"1171","44203597696960028EA5C6B","36",2013-12-23,4000,166.54,2,"1 <= Score <= 2"
"1175","444335875634262185AF8A4","36",2013-09-05,22500,790.92,6,"6 <= Score <= 8"
"1177","44553589313175597423AF5","36",2013-09-26,10000,408.2,4,"3 <= Score <= 5"
"1178","446735790721487204FC44E","60",2013-05-17,10000,233.67,7,"6 <= Score <= 8"
"1184","2E873591437030639C2D7E1","60",2013-10-16,4000,116.68,4,"3 <= Score <= 5"
"1187","2E99358031475847213FABC","60",2013-05-28,3500,89.24,6,"6 <= Score <= 8"
"1191","02893591514632624D1BA15","60",2013-10-16,5000,125.07,4,"3 <= Score <= 5"
"1196","0299358513415677752D2B9","36",2013-08-02,17000,597.59,7,"6 <= Score <= 8"
"1199","3749358943808930867060F","36",2013-09-20,10000,408.2,6,"6 <= Score <= 8"
"1201","375D3567489256081C4B4B5","36",2013-01-25,5000,194.75,4,"3 <= Score <= 5"
"1205","376E3591003918327172B8D","60",2013-10-15,15000,348.95,5,"3 <= Score <= 5"
"1206","7FD13587436726531AB9A75","36",2013-08-22,9000,312.38,7,"6 <= Score <= 8"
"1207","7FD2358691596940174C16B","60",2013-08-14,5000,111.7,9,"Score >= 9"
"1215","0A193591253849840BCF49E","36",2013-12-05,15000,568.98,1,"1 <= Score <= 2"
"1216","0A2F3582024402966CFDBFD","60",2013-06-24,4000,114.12,5,"3 <= Score <= 5"
"1221","0A6835975291028104DB5BE","36",2013-12-18,25000,844.04,10,"Score >= 9"
"1224","447E359089174351146F6CA","36",2013-10-02,35000,1196.05,9,"Score >= 9"
"1227","44943594008092803EB1450","36",2013-11-06,4000,168.17,2,"1 <= Score <= 2"
"1228","449D3597006562109268896","36",2013-12-17,7000,260.5,4,"3 <= Score <= 5"
"1231","44AF35848533000402005F8","36",2013-07-24,4000,165.15,2,"1 <= Score <= 2"
"1241","30093595885320559EF83C3","60",2013-12-17,20000,448.84,8,"6 <= Score <= 8"
"1245","02A1357555727161395F5F7","36",2013-04-22,17500,652.06,5,"3 <= Score <= 5"
"1253","377F3596597198735DA87AD","36",2013-12-11,8000,293.45,4,"3 <= Score <= 5"
"1256","37823591883331442590543","36",2013-10-17,11000,380.51,8,"6 <= Score <= 8"
"1258","378B3584551418389EE126E","36",2013-07-23,9900,326.6,8,"6 <= Score <= 8"
"1261","09EF359379650084248C120","36",2013-11-04,15000,563.97,4,"3 <= Score <= 5"
"1265","09F73586247120990825B90","60",2013-08-16,10000,233.67,7,"6 <= Score <= 8"
"1266","09FC3565974579963682E25","60",2013-01-15,25000,594.62,9,"Score >= 9"
"1268","0A923594905888377E752DC","60",2013-11-26,8000,197.1,7,"6 <= Score <= 8"
"1274","6D89359735894285641D9BA","60",2013-12-13,13000,327.64,6,"6 <= Score <= 8"
"1277","6D8F3581139721586BE4F4D","36",2013-06-04,4000,161.99,2,"1 <= Score <= 2"
"1280","44C835883470759651F8069","36",2013-09-19,4000,172.76,3,"3 <= Score <= 5"
"1281","44CC35955627464501C778D","36",2013-12-18,20000,668.02,6,"6 <= Score <= 8"
"1282","44D0357906158016410A702","36",2013-05-20,4000,155.8,2,"1 <= Score <= 2"
"1284","44D2356746114576030D964","60",2013-01-23,4000,126.85,2,"1 <= Score <= 2"
"1288","301E3583637620354EA3A7F","36",2013-07-18,8500,331.07,3,"3 <= Score <= 5"
"1292","318B3567210342736779080","36",2013-01-17,15000,572.78,7,"6 <= Score <= 8"
"1293","318C35952193840510A9359","36",2013-11-27,4000,150.29,5,"3 <= Score <= 5"
"1296","021C3593633962383D1B711","36",2013-11-06,3400,122.24,5,"3 <= Score <= 5"
"1297","021F3593082999771F5E621","36",2013-12-18,10000,322.2,9,"Score >= 9"
"1298","02243594680734164330FCF","36",2013-11-12,5000,174.55,6,"6 <= Score <= 8"
"1299","026135965637546314F8C15","60",2013-12-19,33750,791.44,7,"6 <= Score <= 8"
"1300","026F3572789049647801C33","60",2013-03-19,13000,343.26,6,"6 <= Score <= 8"
"1303","0A9B3580803072899D2E9EE","60",2013-06-25,10000,254.97,5,"3 <= Score <= 5"
"1308","0BBF3583085990580B7C1B6","60",2013-06-28,15000,354.81,4,"3 <= Score <= 5"
"1309","0BC3358820258085097D4E1","60",2013-10-04,10000,269.69,5,"3 <= Score <= 5"
"1312","432D35918688389223FB5B7","36",2013-10-17,10000,365.05,5,"3 <= Score <= 5"
"1315","433C3583976735635FBFE12","36",2013-07-30,4000,163.56,2,"1 <= Score <= 2"
"1316","434B35784260629054F5C0E","60",2013-06-06,18000,486.86,3,"3 <= Score <= 5"
"1318","435E3584717769979AD7CF0","60",2013-07-22,4000,103.19,5,"3 <= Score <= 5"
"1319","43753594921036510983F36","60",2013-12-05,4500,107.53,9,"Score >= 9"
"1323","6DD33578991904766A28955","36",2013-05-22,15000,537.33,4,"3 <= Score <= 5"
"1335","401A3596409697596EDC406","60",2013-12-12,16000,339.17,10,"Score >= 9"
"1336","401A3596753454585D0590A","36",2013-12-30,8000,265.29,8,"6 <= Score <= 8"
"1339","31B2359079134869624FF1E","60",2013-10-16,10000,318.94,3,"3 <= Score <= 5"
"1340","31B335811394301079FD1B5","60",2013-06-28,15000,318.63,7,"6 <= Score <= 8"
"1341","31B73583855220489964B51","60",2013-07-11,4000,127.36,3,"3 <= Score <= 5"
"1346","303C359772004466692CB70","36",2013-12-24,12000,425.15,4,"3 <= Score <= 5"
"1356","027D3590181745597D2AD0B","60",2013-10-01,14000,344.93,4,"3 <= Score <= 5"
"1358","029F35969041596304EB12B","36",2013-12-12,3000,99.49,5,"3 <= Score <= 5"
"1365","438135766930533183B75DA","36",2013-04-26,7000,242.97,5,"3 <= Score <= 5"
"1369","439A359416162414840F4E2","36",2013-11-18,35000,1162.33,10,"Score >= 9"
"1371","43A435906917688625E0ABA","60",2013-09-24,35000,841.86,9,"Score >= 9"
"1372","43A73582298280518214117","36",2013-06-25,2500,91.63,5,"3 <= Score <= 5"
"1375","5C88359630676085641F42C","60",2013-12-09,10000,236.07,6,"6 <= Score <= 8"
"1380","7B22358909824432888A960","60",2013-09-26,10000,257.76,6,"6 <= Score <= 8"
"1381","7B293577330398716EF7517","36",2013-05-06,13000,516.33,8,"6 <= Score <= 8"
"1384","404B35717473747767DF5C0","36",2013-02-26,15000,509.68,6,"6 <= Score <= 8"
"1387","40503586951554636621A32","60",2013-08-30,7500,189.19,6,"6 <= Score <= 8"
"1390","40573597509369906E1A2D1","36",2013-12-24,20000,627.56,8,"6 <= Score <= 8"
"1391","30413594087319317FC9CDB","60",2013-11-07,6000,171.88,4,"3 <= Score <= 5"
"1399","307935933606550109E1BE9","36",2013-11-15,15000,474.83,9,"Score >= 9"
"1400","0B8835967490148615965D5","60",2013-12-19,15000,326.06,9,"Score >= 9"
"1403","0A023589049714069C6CE98","36",2013-09-05,2100,86.7,2,"1 <= Score <= 2"
"1406","0A17359577407235277BFA0","36",2013-12-11,15000,497.43,5,"3 <= Score <= 5"
"1409","0297359550131611419920A","36",2013-11-20,15000,560.9,4,"3 <= Score <= 5"
"1411","02A13568164737379674D01","60",2013-01-23,6500,170.01,5,"3 <= Score <= 5"
"1420","43C23578902438017FBDB8C","60",2013-05-13,4000,124.76,4,"3 <= Score <= 5"
"1422","43D2357078709786462DA0E","36",2013-02-12,5000,168.45,8,"6 <= Score <= 8"
"1423","43D43593647065630AD6425","60",2013-10-30,35000,836.33,9,"Score >= 9"
"1428","7B473573066296139D91D23","36",2013-03-18,15000,482.18,9,"Score >= 9"
"1433","6E6D35787280791113D1550","60",2013-05-23,10000,242.07,6,"6 <= Score <= 8"
"1434","6E7035968633142000D49A0","60",2013-12-12,9000,238.95,2,"1 <= Score <= 2"
"1435","6E873578388424679EA4C23","36",2013-05-24,3000,116.85,4,"3 <= Score <= 5"
"1455","0AE2359276114191627380C","36",2013-11-12,10000,325.02,8,"6 <= Score <= 8"
"1458","0AEC3584463811098F37035","36",2013-08-12,6500,246.86,9,"Score >= 9"
"1461","0B183592852839153D6FDB8","36",2013-11-13,8000,261.87,11,"Score >= 9"
"1462","03AB35796514589268F0458","36",2013-06-03,4000,165.15,2,"1 <= Score <= 2"
"1464","03B63581087960209FB6BCE","60",2013-06-26,6500,136.48,10,"Score >= 9"
"1466","033635763137480066E457D","60",2013-04-23,15000,405.72,10,"Score >= 9"
"1467","033935975052618643B3A47","60",2013-12-12,10000,221.89,10,"Score >= 9"
"1468","03433590081167780324937","60",2013-10-03,5000,133.72,7,"6 <= Score <= 8"
"1470","43E835955033665686E25D3","36",2013-12-11,5000,165.81,10,"Score >= 9"
"1471","43EA3588476453945D67E98","36",2013-09-16,8500,268.28,8,"6 <= Score <= 8"
"1473","43ED3582296607997C0C1C2","60",2013-07-09,4000,131.78,3,"3 <= Score <= 5"
"1475","43F3358221700432360AAF4","60",2013-07-09,15000,412.49,3,"3 <= Score <= 5"
"1476","43F53598223087016B7C7CF","60",2013-12-19,4000,94.43,6,"6 <= Score <= 8"
"1477","43FE3587080960774BE2C45","60",2013-08-30,15000,390.26,6,"6 <= Score <= 8"
"1478","44093596129438717F3C2AF","36",2013-12-02,4000,166.54,2,"1 <= Score <= 2"
"1481","6E9635703997534949ED6C5","36",2013-02-13,8000,314.66,4,"3 <= Score <= 5"
"1482","6EA53579722259167068786","36",2013-07-01,35000,1163,9,"Score >= 9"
"1483","5D4B3572028593409600559","36",2013-02-28,9000,350.55,4,"3 <= Score <= 5"
"1484","5D51359391433428275815C","36",2013-11-19,15000,555.93,3,"3 <= Score <= 5"
"1487","5D543582900197276FCFFF6","36",2013-07-18,5000,183.25,3,"3 <= Score <= 5"
"1489","409D35875308384468580D6","36",2013-08-30,15000,505.34,6,"6 <= Score <= 8"
"1494","379C3597523137342024058","36",2013-12-27,4000,154.92,3,"3 <= Score <= 5"
"1496","37B135804065550864AE252","36",2013-06-28,10000,377.98,3,"3 <= Score <= 5"
"1500","30BF3580752808856D45B93","36",2013-06-13,4000,137.86,5,"3 <= Score <= 5"
"1501","30C0358084995188901B36F","36",2013-06-19,8500,334.33,5,"3 <= Score <= 5"
"1502","30CF35943283701387B8E53","36",2013-11-13,20000,640.57,7,"6 <= Score <= 8"
"1504","30D535750650746887EE745","60",2013-05-07,25000,621.18,7,"6 <= Score <= 8"
"1506","0B22359310225458777DBFD","36",2013-11-14,10000,370.62,5,"3 <= Score <= 5"
"1508","0B8C35925193683816205EB","36",2013-10-16,19000,612.18,10,"Score >= 9"
"1512","0B963579297248707226182","60",2013-05-24,12000,286.68,6,"6 <= Score <= 8"
"1515","03483586867626472CDC775","36",2013-08-27,8000,282.8,6,"6 <= Score <= 8"
"1518","035335836251863369279DB","60",2013-07-17,13000,314.69,6,"6 <= Score <= 8"
"1523","036D35828110680794E5213","36",2013-07-15,4000,172.76,3,"3 <= Score <= 5"
"1533","5D5B3590836785450B4934D","36",2013-10-09,4000,145.41,4,"3 <= Score <= 5"
"1537","81AD3595685301514E9D3BA","36",2013-12-12,4000,168.15,2,"1 <= Score <= 2"
"1538","81B4358347461912405F42F","36",2013-07-24,6000,202.13,8,"6 <= Score <= 8"
"1539","81C03581507546213F3EFAD","60",2013-06-28,4000,130.2,3,"3 <= Score <= 5"
"1553","30F9358670168962923811D","36",2013-08-22,12000,413.58,4,"3 <= Score <= 5"
"1554","311A3594645871691990C4E","36",2013-11-20,15000,537.03,7,"6 <= Score <= 8"
"1557","2D333566861135667E85B30","60",2013-01-15,6000,148.92,7,"6 <= Score <= 8"
"1558","0BA2357170305576650F316","36",2013-02-26,4000,172.76,4,"3 <= Score <= 5"
"1562","0BBE3594533412999D169DB","36",2013-11-29,8000,293.45,4,"3 <= Score <= 5"
"1563","0BCD3593331291183C687F1","36",2013-11-13,10000,339.3,4,"3 <= Score <= 5"
"1565","0C0B3577695679124705B25","60",2013-05-07,20000,429.78,8,"6 <= Score <= 8"
"1567","036E357780218161628B5B2","60",2013-05-15,25000,597.24,8,"6 <= Score <= 8"
"1569","037535972816899308C902D","36",2013-12-12,25000,866.63,7,"6 <= Score <= 8"
"1574","02D5359374897139396E264","60",2013-11-26,10000,263.83,5,"3 <= Score <= 5"
"1578","446535938033519873BE979","36",2013-12-05,10000,327.34,6,"6 <= Score <= 8"
"1579","44683588960492949435AE6","60",2013-09-12,3000,84.74,7,"6 <= Score <= 8"
"1580","447F358469640132649E8E4","60",2013-07-25,10000,242.07,5,"3 <= Score <= 5"
"1582","448A3580623494231FC5201","36",2013-06-24,19000,583.72,10,"Score >= 9"
"1597","380035830084854248D5C35","36",2013-06-26,4000,160.44,2,"1 <= Score <= 2"
"1598","38043594379901009A203CD","60",2013-11-26,15000,404.54,4,"3 <= Score <= 5"
"1601","381D3582805936417256792","36",2013-07-19,4000,151.19,3,"3 <= Score <= 5"
"1603","2D3535927965818440A49AB","36",2013-10-16,4000,171.45,2,"1 <= Score <= 2"
"1606","2D5E3573211844177F191A2","36",2013-03-18,3500,136.32,3,"3 <= Score <= 5"
"1608","311C359553446107203B214","36",2013-12-16,4000,166.54,3,"3 <= Score <= 5"
"1611","0C29359498275289394A682","36",2013-11-20,5000,178.14,5,"3 <= Score <= 5"
"1612","0B053593134918385B030DB","60",2013-11-13,25000,655.41,8,"6 <= Score <= 8"
"1617","0B203576136260863619955","60",2013-06-10,4000,117.55,3,"3 <= Score <= 5"
"1619","02E33586786925219327F0E","60",2013-08-26,15000,447.24,3,"3 <= Score <= 5"
"1620","02E33592920729418FA80C0","36",2013-10-23,10000,363.53,3,"3 <= Score <= 5"
"1622","02EF3589081994124ED3065","60",2013-09-24,15000,348.95,8,"6 <= Score <= 8"
"1626","030B35849836169875E76C2","36",2013-07-25,15000,501.73,5,"3 <= Score <= 5"
"1631","4B5F35760547754631E4B4F","36",2013-04-18,15000,513.68,7,"6 <= Score <= 8"
"1637","700335888145900645708E2","60",2013-09-24,7500,211.86,7,"6 <= Score <= 8"
"1645","6532359225174425940531C","36",2013-10-23,2000,82.39,2,"1 <= Score <= 2"
"1646","39B23569651077951B2E7AF","36",2013-03-28,4000,161.99,2,"1 <= Score <= 2"
"1647","39B43575092538810DFC603","36",2013-07-25,10000,326.87,8,"6 <= Score <= 8"
"1649","39B935747635969280483C5","60",2013-03-27,15000,372.71,7,"6 <= Score <= 8"
"1652","39C235847388989558F30EC","36",2013-08-12,18000,636.3,4,"3 <= Score <= 5"
"1655","0B323571136339092881128","36",2013-03-21,6000,213.29,5,"3 <= Score <= 5"
"1657","0B6C359437485849947FF9B","60",2013-11-13,7000,179.28,4,"3 <= Score <= 5"
"1658","0B703579686227639849720","60",2013-06-03,15000,363.1,7,"6 <= Score <= 8"
"1660","0B863574984199130CEA006","60",2013-04-15,10000,275,5,"3 <= Score <= 5"
"1670","319B358804926325103B4A3","60",2013-08-21,3500,86.97,7,"6 <= Score <= 8"
"1674","032E3593091174592658BC8","60",2013-10-31,4100,101.02,7,"6 <= Score <= 8"
"1680","400F3596793753487CD1953","36",2013-12-13,10000,341.78,6,"6 <= Score <= 8"
"1689","653A3584311478776AE6E94","36",2013-07-19,15000,566.98,4,"3 <= Score <= 5"
"1690","653C35906755762668F0A3C","36",2013-10-09,10000,411.96,4,"3 <= Score <= 5"
"1691","65423592502050781E5BF59","36",2013-10-30,15000,498.14,8,"6 <= Score <= 8"
"1698","0BAF3582830315774DB17E8","60",2013-07-02,13000,290.43,8,"6 <= Score <= 8"
"1700","0AF035943343253554DAA58","36",2013-12-06,12000,374.32,10,"Score >= 9"
"1701","0AF635954589309543DEF94","36",2013-12-06,4000,140.33,8,"6 <= Score <= 8"
"1708","39D83576018401359F101B0","36",2013-04-12,15000,509.68,5,"3 <= Score <= 5"
"1710","39FD359387100132961A33D","36",2013-11-15,15000,474.83,7,"6 <= Score <= 8"
"1722","31BA35881918866077983CF","60",2013-09-20,15000,393.25,4,"3 <= Score <= 5"
"1726","03663580446478791F3D1B3","36",2013-06-26,15000,565.05,5,"3 <= Score <= 5"
"1727","03673575038998871088ED2","60",2013-04-02,13000,331.46,7,"6 <= Score <= 8"
"1734","478E3586125176287057D03","60",2013-08-16,4000,128.65,2,"1 <= Score <= 2"
"1736","47943589878218367FCD641","36",2013-10-16,4000,161.78,5,"3 <= Score <= 5"
"1739","47B03592122521363800F48","36",2013-10-29,10000,359.52,8,"6 <= Score <= 8"
"1740","47B33584303707552198965","36",2013-07-19,4000,158.87,7,"6 <= Score <= 8"
"1746","0B5235743905564424AC20E","36",2013-03-26,15000,547.11,5,"3 <= Score <= 5"
"1748","0B5435915310693045EDAF7","60",2013-10-16,15000,410.45,4,"3 <= Score <= 5"
"1751","8A63358328805214739B8C3","36",2013-07-18,4000,165.15,2,"1 <= Score <= 2"
"1752","8A6F3577760721751C1AA3D","36",2013-05-13,4000,161.99,2,"1 <= Score <= 2"
"1771","364E35817523066066E9125","36",2013-06-24,4000,165.15,2,"1 <= Score <= 2"
"1772","364E3589083053111EF03EA","36",2013-09-27,10000,367.32,3,"3 <= Score <= 5"
"1775","365C3597105304724C3189E","36",2013-12-05,18456,670.95,4,"3 <= Score <= 5"
"1779","314A357363137181794E0C4","36",2013-03-25,6000,208.26,5,"3 <= Score <= 5"
"1780","31543575981512877E80816","60",2013-04-18,15000,358.35,7,"6 <= Score <= 8"
"1784","3162357410841752567E538","36",2013-03-19,4000,157.33,3,"3 <= Score <= 5"
"1785","035A3574300979668CEB860","36",2013-03-20,4000,161.99,3,"3 <= Score <= 5"
"1787","036D3582794251142F0CA09","36",2013-07-19,10000,362.73,5,"3 <= Score <= 5"
"1788","0371357906779127400B559","36",2013-05-24,10000,358.22,3,"3 <= Score <= 5"
"1794","0B773595664475972F569EB","36",2013-12-09,20000,619.01,10,"Score >= 9"
"1795","0B803567035551198E32A75","36",2013-01-22,4000,149.65,4,"3 <= Score <= 5"
"1796","0B86359273380907271F82D","60",2013-10-21,10000,305.29,3,"3 <= Score <= 5"
"1797","0B70358860334619970CF5E","36",2013-08-30,4000,166.73,2,"1 <= Score <= 2"
"1798","0B723589337955184353BFC","36",2013-10-07,4500,157.1,4,"3 <= Score <= 5"
"1801","0B81359040888701475B4C5","36",2013-10-02,11500,449.91,4,"3 <= Score <= 5"
"1804","4B7E3590031274113F1FD34","36",2013-10-01,4000,172.76,3,"3 <= Score <= 5"
"1806","4B8F3579494293534B78F37","36",2013-05-15,2000,86.38,5,"3 <= Score <= 5"
"1811","4BAC358723198223392C3F2","36",2013-08-28,10000,355.48,4,"3 <= Score <= 5"
"1812","8A753573754308161F59C91","60",2013-04-01,15000,372.71,7,"6 <= Score <= 8"
"1814","8A7B3591456330956AA6748","36",2013-10-22,6000,195.01,8,"6 <= Score <= 8"
"1821","7AD9357222604455666E5C5","60",2013-03-05,15000,302.64,8,"6 <= Score <= 8"
"1824","7AE43588067434955D5FDD7","60",2013-08-28,10000,223.41,6,"6 <= Score <= 8"
"1826","7B0935900615426911CE376","36",2013-09-30,15000,537.03,5,"3 <= Score <= 5"
"1827","7B0E3593384885253394DD9","60",2013-11-08,12000,307.34,3,"3 <= Score <= 5"
"1832","8A9D358894748237908E7BF","36",2013-10-02,7000,243.34,4,"3 <= Score <= 5"
"1835","8ABB3593273596378474AC2","60",2013-12-19,7900,200.39,4,"3 <= Score <= 5"
"1836","8AC03570640342641B885DA","60",2013-02-08,4000,115.03,5,"3 <= Score <= 5"
"1838","8ACD3595959513757428D61","60",2013-11-26,8000,202.93,4,"3 <= Score <= 5"
"1846","369B35834210793183F0E83","60",2013-07-17,35000,847.23,7,"6 <= Score <= 8"
"1858","31633598229538087694B5F","36",2013-12-24,4000,141.02,7,"6 <= Score <= 8"
"1859","31673594176129459A0B18B","60",2013-11-20,4000,97.7,8,"6 <= Score <= 8"
"1870","03EF3595279691784A6473B","36",2013-12-10,15000,491.01,7,"6 <= Score <= 8"
"1875","0B8E3576123730546861FA4","60",2013-04-17,12000,347.45,3,"3 <= Score <= 5"
"1876","0B94358586231004783EBF9","36",2013-09-06,7000,256.56,4,"3 <= Score <= 5"
"1882","0C2F35980965900029EA810","60",2013-12-27,20000,434.75,10,"Score >= 9"
"1890","35323590076532130913A39","60",2013-09-24,4000,99.3,7,"6 <= Score <= 8"
"1892","8ACF3593380844846ADD349","36",2013-11-07,4000,126.62,9,"Score >= 9"
"1893","8AD035972820668966D958E","36",2013-12-10,20000,649.01,11,"Score >= 9"
"1894","8AD6357988845285269FDC3","36",2013-06-18,15000,544.09,3,"3 <= Score <= 5"
"1895","8AD93588048915649E8819C","36",2013-08-30,2000,82.58,2,"1 <= Score <= 2"
"1897","8AEE3591373200471D27747","36",2013-10-21,20000,664.19,7,"6 <= Score <= 8"
"1899","8B0B35985266340447D2554","36",2013-12-27,15000,547.95,3,"3 <= Score <= 5"
"1901","36E13595148580316DAE620","36",2013-11-29,12000,392.81,8,"6 <= Score <= 8"
"1904","3702358512214822474294D","36",2013-07-25,13000,506.35,6,"6 <= Score <= 8"
"1910","65EC3591690448163009CED","36",2013-10-17,4000,143.81,4,"3 <= Score <= 5"
"1911","65F63596360868943CD1FC9","36",2013-12-06,2000,71.95,2,"1 <= Score <= 2"
"1912","65FF3587163015767CB0DE1","60",2013-08-28,20000,473.07,10,"Score >= 9"
"1913","66113575743707524D58782","60",2013-04-17,4000,127.36,2,"1 <= Score <= 2"
"1915","66303576598523902A2C15E","36",2013-05-03,8400,287.66,5,"3 <= Score <= 5"
"1916","663935775141450219747B4","60",2013-06-07,14000,297.39,9,"Score >= 9"
"1921","29B43596487248337E5E872","36",2013-11-29,7500,243.38,7,"6 <= Score <= 8"
"1924","293035978006838135D1D05","36",2013-12-19,3000,103.04,4,"3 <= Score <= 5"
"1928","02FB35772876253772B0E36","36",2013-05-21,6000,219.91,6,"6 <= Score <= 8"
"1936","0C4D3596533513595836FAA","36",2013-12-10,10000,337.61,5,"3 <= Score <= 5"
"1938","0BDB359034402156046463B","60",2013-10-17,15000,386.64,8,"6 <= Score <= 8"
"1939","0BDC3594077026656751765","60",2013-12-02,15000,384.17,6,"6 <= Score <= 8"
"1941","0BE13593789857162AD907F","60",2013-11-18,10000,273.64,3,"3 <= Score <= 5"
"1942","0BE33584506773241752BEB","60",2013-08-08,25000,660.12,5,"3 <= Score <= 5"
"1943","0BF23566723359717D55361","36",2013-01-10,2000,81.78,2,"1 <= Score <= 2"
"1944","353A35677251350691E9B8F","60",2013-01-03,5500,158.16,7,"6 <= Score <= 8"
"1946","3557357306843160899664E","60",2013-03-26,13000,314.69,7,"6 <= Score <= 8"
"1948","355A3596741508536A0AF69","36",2013-12-09,10000,335.69,7,"6 <= Score <= 8"
"1952","8B13359253507521392F584","36",2013-11-07,2000,70.51,7,"6 <= Score <= 8"
"1954","8B1A3570655213089072672","60",2013-02-20,24000,542.27,8,"6 <= Score <= 8"
"1956","8B3B3580556141955199EBB","36",2013-06-17,10000,351.52,4,"3 <= Score <= 5"
"1957","8B3C3593292977255E53992","60",2013-11-05,4000,123.8,2,"1 <= Score <= 2"
"1961","3724359586271434584FF2E","36",2013-11-29,8000,289.02,3,"3 <= Score <= 5"
"1963","3A1735899908154891E6951","60",2013-10-04,14326,311.41,11,"Score >= 9"
"1965","3A203583405534689252B9B","36",2013-07-03,4000,149.65,3,"3 <= Score <= 5"
"1968","3A343598242577632D77692","60",2013-12-20,10000,258.03,6,"6 <= Score <= 8"
"1969","3A473592117200693572D89","60",2013-10-21,20000,520.46,6,"6 <= Score <= 8"
"1972","542135768687181466AB77D","60",2013-05-09,6000,182.21,2,"1 <= Score <= 2"
"1973","54253591475644005A1085D","36",2013-10-15,4000,135.72,11,"Score >= 9"
"1975","543435739176366011480D4","60",2013-03-19,3500,113.93,2,"1 <= Score <= 2"
"1984","2AC23580927755901BECE16","60",2013-06-19,15000,335.11,7,"6 <= Score <= 8"
"1986","03563594586224215B62DAC","60",2013-11-12,21721,522.45,10,"Score >= 9"
"1990","03833573669622928B7B2E4","36",2013-03-19,15000,561.21,4,"3 <= Score <= 5"
"1992","035B35967986960236F3902","60",2013-12-11,25000,599.35,8,"6 <= Score <= 8"
"1993","0362359023710633236C76E","36",2013-10-01,4000,163.28,4,"3 <= Score <= 5"
"1996","0ADE35907204066384E1EC4","36",2013-09-24,4000,168.17,2,"1 <= Score <= 2"
"1997","0AE03586165241791A9ECA1","60",2013-08-06,13500,335.44,5,"3 <= Score <= 5"
"1999","0AED356976344765257C555","36",2013-02-11,2000,66.46,9,"Score >= 9"
"2004","357F357375089282386BEB7","60",2013-04-10,4000,115.82,6,"6 <= Score <= 8"
"2005","3580359229552863980EC6C","60",2013-10-21,4000,106.31,4,"3 <= Score <= 5"
"2011","4BDC35916827330305F390C","36",2013-10-08,15000,505.34,6,"6 <= Score <= 8"
"2016","6338359069242703942DED9","36",2013-09-30,7500,263.12,10,"Score >= 9"
"2018","634A3583398325350318F60","60",2013-07-18,11500,259.84,9,"Score >= 9"
"2021","636135967876706782E9745","60",2013-12-05,10000,273.35,4,"3 <= Score <= 5"
"2027","3A8335982061570293BE0C1","36",2013-12-24,5000,172.47,7,"6 <= Score <= 8"
"2029","3A983579162570394DB90B1","36",2013-05-23,4000,141.4,6,"6 <= Score <= 8"
"2032","730A3593727127675DA623F","36",2013-11-15,12000,392.81,7,"6 <= Score <= 8"
"2033","73183575410516772DCBCAB","60",2013-04-23,15000,415.05,5,"3 <= Score <= 5"
"2035","731C3585072579016C155BD","60",2013-08-12,15000,335.11,6,"6 <= Score <= 8"
"2042","2AE035900918276819CD164","36",2013-09-24,10000,395.96,4,"3 <= Score <= 5"
"2043","2AE1359430685728704170B","36",2013-11-07,7500,247.64,8,"6 <= Score <= 8"
"2045","2AE43570705143914E46D0D","12",2013-02-13,3000,260.98,8,"6 <= Score <= 8"
"2046","2A6E3583373202786BD6257","60",2013-07-22,8000,191.12,7,"6 <= Score <= 8"
"2049","0BBA35970395345349717E3","36",2013-12-11,13000,402.35,11,"Score >= 9"
"2053","0BD73598353104923A85727","36",2013-12-19,5000,173.33,4,"3 <= Score <= 5"
"2057","0BED3597094880372F91448","60",2013-12-30,15000,342.37,9,"Score >= 9"
"2059","037B3570290111611417032","36",2013-02-08,9000,301.04,7,"6 <= Score <= 8"
"2063","03A03592147066761EC7CC1","36",2013-10-21,7000,225.54,7,"6 <= Score <= 8"
"2068","4BE1358534532344530413A","36",2013-07-30,4000,163.56,2,"1 <= Score <= 2"
"2074","4C0F3593141245081616C4E","60",2013-11-13,13000,310.64,10,"Score >= 9"
"2079","638335921884101622D1413","60",2013-10-22,8000,198.61,7,"6 <= Score <= 8"
"2081","6385357562682404715DA44","60",2013-04-16,15000,335.11,9,"Score >= 9"
"2082","638E3593659579515D174E1","60",2013-11-14,10000,257.76,6,"6 <= Score <= 8"
"2083","3AAC35791963138925F35B5","36",2013-05-29,4000,142.19,5,"3 <= Score <= 5"
"2085","3AC73581735725577AD9286","60",2013-06-28,4000,115.82,4,"3 <= Score <= 5"
"2088","3AD13582618207669F5FB35","36",2013-06-28,4000,158.87,3,"3 <= Score <= 5"
"2091","733335868973606601F6BB4","60",2013-09-16,10000,236.54,6,"6 <= Score <= 8"
"2093","5E083592005944124DA1234","36",2013-10-18,15000,560.9,6,"6 <= Score <= 8"
"2094","5E0B3590488203595301395","36",2013-10-03,10000,411.96,3,"3 <= Score <= 5"
"2095","5E0F3581339618467238BD5","36",2013-06-24,9800,330.15,7,"6 <= Score <= 8"
"2097","5E1A3591189158076B1305F","60",2013-10-16,15000,386.64,3,"3 <= Score <= 5"
"2100","2A7C35868642004049226D0","36",2013-09-06,8500,286.36,7,"6 <= Score <= 8"
"2102","2A83359546565841868E012","36",2013-12-05,15000,539.66,6,"6 <= Score <= 8"
"2110","0C80358258848358731F369","60",2013-07-15,10000,229.28,5,"3 <= Score <= 5"
"2120","034D359419733270863BDB6","36",2013-11-29,7000,246.79,7,"6 <= Score <= 8"
"2124","03B6358375148063342FAC3","36",2013-07-25,4000,137.86,3,"3 <= Score <= 5"
"2125","03C53587886942631D4D870","60",2013-08-27,10000,238.9,6,"6 <= Score <= 8"
"2127","4C10359783231484629B307","36",2013-12-23,35000,1152.33,10,"Score >= 9"
"2129","4C153579412829455D86073","60",2013-05-29,4000,127.36,6,"6 <= Score <= 8"
"2132","4C3835785179076943109CD","36",2013-05-22,8000,252.5,9,"Score >= 9"
"2142","63D03590847400567974893","36",2013-09-27,15000,560.9,6,"6 <= Score <= 8"
"2143","3ADD3594465470779F582DA","36",2013-11-19,8000,297.92,3,"3 <= Score <= 5"
"2145","3AF23568752440085436B71","36",2013-01-25,3000,122.67,2,"1 <= Score <= 2"
"2149","448E3589948615043B98877","36",2013-09-30,2500,85.93,6,"6 <= Score <= 8"
"2150","44933577247062592F4772F","60",2013-05-08,34999,790.79,10,"Score >= 9"
"2161","287335868517070214398AA","36",2013-08-08,7500,245.15,8,"6 <= Score <= 8"
"2162","28743592414938889000B86","36",2013-11-27,5000,179.76,4,"3 <= Score <= 5"
"2173","0D303597665099450B0FD08","36",2013-12-27,10000,322.2,8,"6 <= Score <= 8"
"2174","0D3135765892656807C59C7","36",2013-04-17,6000,226.79,3,"3 <= Score <= 5"
"2178","03D435845717624917084EE","36",2013-10-03,2250,79.09,4,"3 <= Score <= 5"
"2183","041F3590708602975426BBA","36",2013-11-26,4000,148.25,4,"3 <= Score <= 5"
"2184","042135777221766401DA345","36",2013-05-22,10000,358.22,4,"3 <= Score <= 5"
"2188","4C52359610416025628CF81","60",2013-12-10,15000,380.49,6,"6 <= Score <= 8"
"2194","4C743594038091461A55D60","36",2013-11-01,4000,160.08,3,"3 <= Score <= 5"
"2197","63D93593311028856362219","36",2013-10-23,2000,81.64,3,"3 <= Score <= 5"
"2198","8B4F3595759765048A34B9D","36",2013-12-09,4000,166.54,2,"1 <= Score <= 2"
"2199","8B55357342615768263D0BB","60",2013-03-19,10000,285.3,3,"3 <= Score <= 5"
"2201","8B63359131613948870515A","60",2013-10-11,32500,781.73,8,"6 <= Score <= 8"
"2203","8B9235925836773935FBA8B","36",2013-12-18,6000,206.09,4,"3 <= Score <= 5"
"2206","44A2359781991437926BD5E","60",2013-12-18,26000,618.54,8,"6 <= Score <= 8"
"2207","44A3358531596943569CB21","36",2013-10-01,4000,143.81,2,"1 <= Score <= 2"
"2213","3B303581685496143E635F8","36",2013-06-26,15000,482.18,9,"Score >= 9"
"2222","800C35891458167638B4795","36",2013-09-11,15000,563.97,7,"6 <= Score <= 8"
"2224","279C3584838284622FB470B","60",2013-07-26,13500,409.97,5,"3 <= Score <= 5"
"2226","27A23583655111362B7C40D","60",2013-07-11,15000,419.33,4,"3 <= Score <= 5"
"2228","27B23582658722555A00855","60",2013-07-19,15000,331.32,6,"6 <= Score <= 8"
"2229","27C03574885720606D096C0","36",2013-04-25,12000,444.68,5,"3 <= Score <= 5"
"2230","2A5F3572839239430F78385","60",2013-03-26,8500,201.06,7,"6 <= Score <= 8"
"2232","0C3735965365969081F7B6F","60",2013-12-24,15000,349.02,9,"Score >= 9"
"2233","0C383580855552002E7A75B","60",2013-06-20,29765,647.01,9,"Score >= 9"
"2234","0C4035835793338304CED81","36",2013-08-23,8000,246.98,10,"Score >= 9"
"2244","04383584318859051461A98","60",2013-07-25,10000,283,4,"3 <= Score <= 5"
"2249","4C803577934149123943855","60",2013-05-10,25000,591.34,9,"Score >= 9"
"2252","4CA035937805539665AB1F4","36",2013-11-18,5000,160.14,10,"Score >= 9"
"2262","8BB035803311846912A6F72","36",2013-06-17,4000,165.15,3,"3 <= Score <= 5"
"2265","8BBE357646062349745983F","60",2013-04-22,12000,305.96,7,"6 <= Score <= 8"
"2266","8BC63594141469430973330","60",2013-11-12,25000,592.78,10,"Score >= 9"
"2268","3B463595884400735067CE6","36",2013-11-25,15000,542.29,4,"3 <= Score <= 5"
"2270","3B563595030341106671374","60",2013-11-19,10000,301.12,2,"1 <= Score <= 2"
"2276","800D357947467732468D496","36",2013-05-30,4000,158.87,3,"3 <= Score <= 5"
"2284","75FF3594114841087A6686D","36",2013-11-13,15000,526.25,9,"Score >= 9"
"2288","2A9F35771117998644FA603","36",2013-04-22,20000,737.07,4,"3 <= Score <= 5"
"2291","2AA4358434239866359CBEB","36",2013-08-21,4000,163.56,3,"3 <= Score <= 5"
"2292","2B4A3583551726327F28FBC","60",2013-07-17,10000,254.97,5,"3 <= Score <= 5"
"2293","2B4D3591354002486A2BAB3","36",2013-10-10,3000,117.37,2,"1 <= Score <= 2"
"2294","0C953596597203550D2D4A6","60",2013-12-23,15000,398.24,4,"3 <= Score <= 5"
"2299","0CB13568275624827EA0AA7","36",2013-01-10,8000,271.83,7,"6 <= Score <= 8"
"2301","0CB4359082140113189D51A","36",2013-10-09,7000,251.66,7,"6 <= Score <= 8"
"2302","042D35927882017237556EE","36",2013-10-25,4000,168.17,2,"1 <= Score <= 2"
"2304","043B35938040621260E323A","36",2013-10-31,4000,145.41,3,"3 <= Score <= 5"
"2305","043B3595147847085FD70AE","60",2013-12-05,30000,691.07,9,"Score >= 9"
"2306","043C3597231584725E16CAD","60",2013-12-24,4000,125.75,3,"3 <= Score <= 5"
"2307","044535895008127104A2289","60",2013-09-13,10000,309.49,5,"3 <= Score <= 5"
"2311","4CE935901873170423D1344","36",2013-10-09,4000,163.28,2,"1 <= Score <= 2"
"2313","4D1035892415175855B9411","60",2013-09-17,4000,111.04,8,"6 <= Score <= 8"
"2315","4D2735893284251952C24FB","36",2013-09-20,10000,420.42,5,"3 <= Score <= 5"
"2318","46523579250974271ADDB0F","36",2013-05-15,2200,76.9,6,"6 <= Score <= 8"
"2331","3B8F358107334652412C8FD","60",2013-07-25,2650,58.53,10,"Score >= 9"
"2334","456B3565155225185367AD4","60",2013-01-10,8500,198.71,8,"6 <= Score <= 8"
"2337","760235859993411231DEEA3","60",2013-08-14,7000,189.33,5,"3 <= Score <= 5"
"2341","55C33579928947364CB4249","36",2013-06-19,5000,176.75,7,"6 <= Score <= 8"
"2356","0BE73591006889301150AB8","36",2013-10-10,4000,172.76,2,"1 <= Score <= 2"
"2357","0BEB3590760585378CC54E6","60",2013-11-20,10000,305.29,4,"3 <= Score <= 5"
"2358","0BEE359423294465418B95B","36",2013-11-08,15000,483.3,8,"6 <= Score <= 8"
"2359","0BF135972539322930F2D1A","36",2013-12-23,15000,491.01,7,"6 <= Score <= 8"
"2360","0BF93596150076969336339","36",2013-12-05,15000,509.39,9,"Score >= 9"
"2361","0C0135680459372109ABB30","60",2013-01-15,25000,665.69,7,"6 <= Score <= 8"
"2363","0C1E35863686458404DC77B","36",2013-08-14,6000,209.73,4,"3 <= Score <= 5"
"2364","03C3359073936571514744F","36",2013-10-22,4500,140.31,8,"6 <= Score <= 8"
"2370","046F3594988294522CEC670","36",2013-11-19,25000,859.31,7,"6 <= Score <= 8"
"2374","46653594111912948D110E0","36",2013-11-13,6500,249.08,4,"3 <= Score <= 5"
"2378","4D2935832535847162A7646","36",2013-09-03,2000,86.38,4,"3 <= Score <= 5"
"2380","4D2D359185866791472E7F8","60",2013-10-07,10000,248.26,6,"6 <= Score <= 8"
"2383","9781358387501871299C7D0","36",2013-07-23,13000,448.04,4,"3 <= Score <= 5"
"2385","978935705511113410216B2","36",2013-02-20,3000,121.5,2,"1 <= Score <= 2"
"2387","6C6C359565646457250A1CA","60",2013-12-05,10000,261.61,4,"3 <= Score <= 5"
"2396","45CB359510826512121FDAB","36",2013-12-03,15000,574.8,4,"3 <= Score <= 5"
"2406","67C03587319853488F790BE","60",2013-08-22,4000,126.04,3,"3 <= Score <= 5"
"2411","0CA635773635846530CF9DA","36",2013-05-07,20000,707,5,"3 <= Score <= 5"
"2413","0CA835948723589122DBD05","36",2013-11-26,4000,133.6,5,"3 <= Score <= 5"
"2415","2ABB35958601039876F2483","36",2013-12-04,4000,166.54,2,"1 <= Score <= 2"
"2421","2AD93596132214660C6F1F4","36",2013-12-06,17000,530.29,9,"Score >= 9"
"2429","04B03571329879330D1A0B5","36",2013-03-08,8500,337.6,2,"1 <= Score <= 2"
"2431","049D3574518105501B85ED9","36",2013-03-20,10000,370.57,4,"3 <= Score <= 5"
"2434","35833568028625541A144B0","36",2013-01-23,4500,169.51,6,"6 <= Score <= 8"
"2441","6C8A359563353394815EA6B","36",2013-12-04,15000,503.53,6,"6 <= Score <= 8"
"2442","6C923590816379839F5AFB1","36",2013-10-01,4000,172.76,2,"1 <= Score <= 2"
"2443","6C9835917906059319283DC","60",2013-10-16,15000,410.45,4,"3 <= Score <= 5"
"2445","6CA13587914220868A0F729","36",2013-09-04,12000,447.13,4,"3 <= Score <= 5"
"2446","6CA835819772941326A9068","36",2013-07-11,10000,351.52,5,"3 <= Score <= 5"
"2449","45CF359775193654548528F","36",2013-12-17,12000,413.93,3,"3 <= Score <= 5"
"2450","45D03568239386348F6972E","36",2013-01-09,4000,172.76,6,"6 <= Score <= 8"
"2456","45EF3585976128758915F5F","60",2013-08-20,25000,515.21,10,"Score >= 9"
"2462","0C6A3577823005293A114E9","36",2013-05-13,3000,114.56,3,"3 <= Score <= 5"
"2467","77A43578564277127AD9677","36",2013-05-13,3500,151.16,4,"3 <= Score <= 5"
"2473","77DE3586143814136E3A963","36",2013-08-28,11000,367.94,7,"6 <= Score <= 8"
"2480","28033594568633227B83CF7","60",2013-11-14,7000,177.75,7,"6 <= Score <= 8"
"2483","04B635812612200561AFABA","60",2013-06-05,8500,211.2,6,"6 <= Score <= 8"
"2485","04BC3576369380568A6EE89","36",2013-05-01,3000,106.64,4,"3 <= Score <= 5"
"2488","04C63595369815186D0A35C","36",2013-12-09,15000,456.67,11,"Score >= 9"
"2490","04D4358896398146069A155","36",2013-09-05,2000,81.78,4,"3 <= Score <= 5"
"2494","40C935938695771308AE79F","60",2013-11-13,25000,640.29,8,"6 <= Score <= 8"
"2495","40D13575164819080E87261","60",2013-05-15,25000,597.24,6,"6 <= Score <= 8"
"2496","40D73592149876196C62427","36",2013-10-23,15000,467.7,8,"6 <= Score <= 8"
"2507","645335819024270768378FF","60",2013-06-18,3000,85.59,7,"6 <= Score <= 8"
"2508","45FA3584169788286998BA1","36",2013-08-02,15000,469.98,9,"Score >= 9"
"2511","4608358052718342911E973","60",2013-06-11,15000,461.26,5,"3 <= Score <= 5"
"2518","0C793584012937631A7262A","36",2013-07-10,10000,397.18,3,"3 <= Score <= 5"
"2528","68C435791639949374718A4","60",2013-05-16,10000,236.54,9,"Score >= 9"
"2530","68CE35953114622826C7083","36",2013-12-27,4000,142.31,4,"3 <= Score <= 5"
"2531","68E73587874849078FCD784","36",2013-09-13,3500,128.28,3,"3 <= Score <= 5"
"2532","68EC3594285881330F5713F","36",2013-11-05,4000,135.72,4,"3 <= Score <= 5"
"2535","2D0C3575435749652AD280A","36",2013-04-03,3700,115.93,10,"Score >= 9"
"2538","2D133589199580424C37DC2","36",2013-09-16,10000,379.58,7,"6 <= Score <= 8"
"2541","2D31359693563104956F446","36",2013-12-16,12000,438.36,3,"3 <= Score <= 5"
"2543","2993359258692974701AAA3","36",2013-10-30,15000,512.59,7,"6 <= Score <= 8"
"2551","04683590462291306D9A726","36",2013-09-27,12000,368.28,11,"Score >= 9"
"2559","41323581230822173250B2E","60",2013-06-18,4000,130.2,2,"1 <= Score <= 2"
"2560","413D35825456950337D1D35","36",2013-07-09,15000,490.3,8,"6 <= Score <= 8"
"2564","646835922920334408C5B94","36",2013-11-12,2000,69.82,6,"6 <= Score <= 8"
"2567","64853588254785134EDBAA3","60",2013-10-18,10000,260.23,5,"3 <= Score <= 5"
"2569","477335787563259284F7E23","60",2013-05-30,15000,455.52,2,"1 <= Score <= 2"
"2574","478335850948463443CC8BA","36",2013-08-06,8500,271.25,7,"6 <= Score <= 8"
"2586","0CC2357156758356280C596","36",2013-03-07,4000,163.56,2,"1 <= Score <= 2"
"2589","7B2135954957368405637BD","36",2013-11-19,4000,134.76,9,"Score >= 9"
"2593","55183583146257849251905","36",2013-07-19,4000,172.76,2,"1 <= Score <= 2"
"2598","29AB35726877409327236A1","36",2013-03-26,10000,366.51,4,"3 <= Score <= 5"
"2599","29B13579091004894FC23D5","36",2013-06-03,10000,360.22,4,"3 <= Score <= 5"
"2606","04293594638336312F8E6E3","36",2013-12-04,4000,168.17,2,"1 <= Score <= 2"
"2610","04363568019499791359C49","36",2013-01-18,2000,86.38,2,"1 <= Score <= 2"
"2611","044B35932023398013EC934","36",2013-11-05,10000,345.92,4,"3 <= Score <= 5"
"2612","045035688656104633FBC70","60",2013-01-23,7839,186.44,9,"Score >= 9"
"2614","04213591940773646FC1A05","60",2013-10-11,20000,512.23,7,"6 <= Score <= 8"
"2616","042535924956451927D6AF7","36",2013-10-22,20000,734.64,5,"3 <= Score <= 5"
"2617","04303576358656940F7B23B","36",2013-05-13,20000,622.95,7,"6 <= Score <= 8"
"2618","043D3588087178834A9592F","60",2013-08-23,8500,203.06,5,"3 <= Score <= 5"
"2620","044D359737067023139288A","36",2013-12-24,15000,483.3,8,"6 <= Score <= 8"
"2622","4141359203103577235588E","60",2013-10-22,10000,253.93,6,"6 <= Score <= 8"
"2626","412A358290996608795C730","60",2013-07-18,4500,100.53,8,"6 <= Score <= 8"
"2630","414335836989864850F639C","60",2013-07-24,19000,467,5,"3 <= Score <= 5"
"2631","649035805987334874C6D73","36",2013-06-28,7000,275.33,5,"3 <= Score <= 5"
"2635","64D7359332990120544F3CB","60",2013-10-30,10000,230.05,8,"6 <= Score <= 8"
"2636","64E33587560804418EAAE9F","60",2013-09-13,10000,238.9,7,"6 <= Score <= 8"
"2637","64E7357790745139055807E","36",2013-04-25,35000,1198.6,8,"6 <= Score <= 8"
"2642","3EB635872669744440FBF5C","60",2013-08-19,20000,504.5,6,"6 <= Score <= 8"
"2643","3EB73590890933431D679A5","36",2013-10-16,4000,138.37,6,"6 <= Score <= 8"
"2647","403235959063349906DFA3E","36",2013-11-25,4000,171.1,3,"3 <= Score <= 5"
"2649","403835872700881530B0C78","36",2013-08-28,3000,115.69,3,"3 <= Score <= 5"
"2652","404A35861382457736E54A0","36",2013-10-29,10000,341.73,7,"6 <= Score <= 8"
"2655","405F3583480633917E51ECA","36",2013-07-12,4000,165.15,2,"1 <= Score <= 2"
"2658","0CDB357130379898044EEFD","36",2013-03-05,5500,188.35,5,"3 <= Score <= 5"
"2661","0C3F3586154114655BB792F","60",2013-08-07,13000,290.43,9,"Score >= 9"
"2663","0C433574404322955869F13","60",2013-04-15,10000,289.54,2,"1 <= Score <= 2"
"2664","0C443591169409280BF4FD7","60",2013-10-10,10000,309.49,4,"3 <= Score <= 5"
"2665","0C593593510077754173E8E","60",2013-10-31,7000,187.21,4,"3 <= Score <= 5"
"2670","29C9359375169665486F512","36",2013-11-12,20000,734.64,4,"3 <= Score <= 5"
"2671","29CA3572909711310F1C029","36",2013-03-13,4000,158.87,2,"1 <= Score <= 2"
"2672","2BAB3590855527481F2E247","36",2013-10-11,10000,359.52,6,"6 <= Score <= 8"
"2673","2BB23589544512443FF4627","36",2013-09-27,10000,341.73,7,"6 <= Score <= 8"
"2675","04BC3594857281680183F2D","36",2013-12-02,10000,372.15,5,"3 <= Score <= 5"
"2679","04E43582109904323292A90","60",2013-07-10,25000,681.83,6,"6 <= Score <= 8"
"2682","04F93585621794053E7B8DC","36",2013-08-16,4000,158.87,2,"1 <= Score <= 2"
"2684","5522359306514290182EE12","36",2013-11-05,4000,168.17,2,"1 <= Score <= 2"
"2685","553A3582572753057B5CAF3","36",2013-07-10,20000,638.23,9,"Score >= 9"
"2688","55523592104007426741720","36",2013-10-18,3000,120.06,4,"3 <= Score <= 5"
"2691","5EE73586195385855D80401","36",2013-08-16,9000,289.31,9,"Score >= 9"
"2692","415B358790769299546C0FE","36",2013-08-29,12000,448.96,4,"3 <= Score <= 5"
"2699","4ACD3587374499479DF8CED","36",2013-08-20,15000,501.73,4,"3 <= Score <= 5"
"2702","65063584532315864DC63B8","60",2013-08-05,8750,200.62,6,"6 <= Score <= 8"
"2703","650F358626753984240EE2A","36",2013-08-14,5500,199.5,5,"3 <= Score <= 5"
"2705","65103594057956691FE512C","60",2013-11-13,10000,305.29,3,"3 <= Score <= 5"
"2708","653B3583400859728039629","36",2013-07-11,4000,165.15,2,"1 <= Score <= 2"
"2710","424E3593504776745E3AC73","36",2013-10-31,25000,926.54,4,"3 <= Score <= 5"
"2714","42653586585129149E67401","60",2013-08-14,10000,276.7,3,"3 <= Score <= 5"
"2715","426B3593255173549AF8560","36",2013-10-25,6000,196.4,9,"Score >= 9"
"2717","426D359723610154993298A","36",2013-12-13,21000,770.31,6,"6 <= Score <= 8"
"2718","0C5A358591780109428FE50","60",2013-08-20,6003,176.41,4,"3 <= Score <= 5"
"2719","0C633592308330615A6AED8","60",2013-10-25,25000,664.44,4,"3 <= Score <= 5"
"2723","0B293594076222472B38DAE","36",2013-11-01,15000,545.3,4,"3 <= Score <= 5"
"2724","0B2E3566368802336215E2A","36",2013-01-16,25000,830.72,8,"6 <= Score <= 8"
"2725","0D793591889126791FD5C73","36",2013-10-31,12000,436.24,6,"6 <= Score <= 8"
"2726","0D79359610720658763B561","36",2013-12-16,4000,171.1,2,"1 <= Score <= 2"
"2728","2BCE3581053180901FE69D7","60",2013-06-12,10000,238.9,6,"6 <= Score <= 8"
"2730","2BDA35865403934475B0EA3","36",2013-10-23,4000,160.08,4,"3 <= Score <= 5"
"2732","2B6A35915956847824A0A82","36",2013-10-18,15000,505.34,6,"6 <= Score <= 8"
"2736","04793592044657269DC5AF3","36",2013-10-21,15000,495.28,4,"3 <= Score <= 5"
"2738","04813590103628944840F4C","36",2013-09-26,4000,161.78,3,"3 <= Score <= 5"
"2744","5EED359588240040376A4AE","36",2013-12-13,15000,517.41,9,"Score >= 9"
"2751","74183595311651794ECBE5A","36",2013-12-13,15000,486.76,9,"Score >= 9"
"2753","4AD43595743212436461C45","60",2013-12-09,7000,174.91,4,"3 <= Score <= 5"
"2754","4ADC35757195816096438B3","36",2013-04-09,3000,123.86,3,"3 <= Score <= 5"
"2758","4AF83572317608841AACCC4","60",2013-03-04,3000,67.02,8,"6 <= Score <= 8"
"2763","85CF3590808319802A2AB8A","36",2013-10-02,8234,315.53,3,"3 <= Score <= 5"
"2768","85F23596837067246078592","36",2013-12-13,5000,172.47,4,"3 <= Score <= 5"
"2769","85F9356884052037609B13F","36",2013-02-05,2000,73.3,4,"3 <= Score <= 5"
"2771","42873570481476055A89ED7","60",2013-02-12,4000,128.65,4,"3 <= Score <= 5"
"2785","0E613596833139647A53C43","36",2013-12-18,4000,161.67,2,"1 <= Score <= 2"
"2787","0E643592049239050408F8A","60",2013-10-08,15000,395.74,6,"6 <= Score <= 8"
"2788","2B7B3584920614739F72687","36",2013-08-29,2200,75.82,5,"3 <= Score <= 5"
"2794","29AA3597325574261106FAE","36",2013-12-18,6000,196.4,7,"6 <= Score <= 8"
"2803","03D93575411387752873D8F","36",2013-04-18,13000,491.38,3,"3 <= Score <= 5"
"2804","03DF358648511848571B092","36",2013-08-22,16000,539.03,7,"6 <= Score <= 8"
"2808","744335937495964062C3DDA","36",2013-11-08,30000,1057.68,6,"6 <= Score <= 8"
"2810","7449358180060932335737B","36",2013-07-03,2000,70.7,6,"6 <= Score <= 8"
"2812","745035963934854482052C5","60",2013-12-11,4000,100.81,6,"6 <= Score <= 8"
"2814","73F635706321885111BABCE","36",2013-02-28,25000,778.69,7,"6 <= Score <= 8"
"2824","86093574550426694654CB8","60",2013-04-04,10000,289.54,4,"3 <= Score <= 5"
"2825","76AC35673669943278E7A82","12",2013-01-23,4000,372.97,2,"1 <= Score <= 2"
"2828","76B9359716855203597504A","60",2013-12-20,15000,423.2,3,"3 <= Score <= 5"
"2831","76C93583477396703E4C528","36",2013-07-24,2500,98.33,4,"3 <= Score <= 5"
"2832","76CA35981203647003A187F","36",2013-12-26,5000,167.84,4,"3 <= Score <= 5"
"2833","479B358405019183211743A","60",2013-07-22,25000,537.22,8,"6 <= Score <= 8"
"2834","479D3594068041369D16F69","36",2013-11-04,15000,521.45,7,"6 <= Score <= 8"
"2845","0E703571994662477A3C385","36",2013-02-22,4000,172.76,3,"3 <= Score <= 5"
"2846","0E793568301741431549A31","36",2013-05-09,3000,129.57,7,"6 <= Score <= 8"
"2848","0D2E356812515824303F865","60",2013-01-28,13000,346.16,7,"6 <= Score <= 8"
"2849","0D3035907797076695C5F29","36",2013-10-16,10000,416.29,3,"3 <= Score <= 5"
"2856","287D3575845089118AD5863","60",2013-04-11,15000,409.1,3,"3 <= Score <= 5"
"2858","03E635864100685969DC37F","60",2013-08-09,4000,101.99,5,"3 <= Score <= 5"
"2865","04AB357715255595458B8A9","60",2013-05-03,15000,390.26,5,"3 <= Score <= 5"
"2866","04AB35830445880986DEAB7","60",2013-07-12,4000,131.78,2,"1 <= Score <= 2"
"2867","73F7357947748970367E348","36",2013-05-30,15000,549.76,4,"3 <= Score <= 5"
"2871","740D357120998773145632E","12",2013-02-06,3000,267.19,4,"3 <= Score <= 5"
"2878","4B453581418712617019A84","36",2013-07-30,2000,62.3,10,"Score >= 9"
"2880","47CA3576726077612AF3750","36",2013-05-16,10000,324.27,8,"6 <= Score <= 8"
"2888","8D8E3590447985633E41A8B","36",2013-10-04,20000,640.57,10,"Score >= 9"
"2890","8D9B3579005895238E792F9","36",2013-05-17,6000,197.94,4,"3 <= Score <= 5"
"2895","4074359448281925950AB0C","36",2013-11-15,10000,375.98,4,"3 <= Score <= 5"
"2897","408135848754355511C9ABF","36",2013-08-01,11000,367.94,9,"Score >= 9"
"2899","408F3591828661735BBF548","36",2013-10-17,7000,231.13,9,"Score >= 9"
"2900","40973590844424427B86823","60",2013-10-16,10000,230.05,4,"3 <= Score <= 5"
"2905","0D533589067056378CFF301","36",2013-10-09,4000,160.08,4,"3 <= Score <= 5"
"2908","0D6C3587516236184A2C66F","60",2013-08-30,25000,573.19,6,"6 <= Score <= 8"
"2914","289E3596449089996EE3A5F","60",2013-12-13,5000,114.12,11,"Score >= 9"
"2921","04553595166758075E9B759","60",2013-11-26,15000,384.17,6,"6 <= Score <= 8"
"2923","04673592777180243F1B444","36",2013-11-29,5000,174.55,6,"6 <= Score <= 8"
"2924","047335838083399151284D9","36",2013-07-16,10000,401.1,6,"6 <= Score <= 8"
"2929","78EA3566621488559059485","36",2013-01-08,17750,561.48,9,"Score >= 9"
"2932","78F135909684548847D56CC","36",2013-09-25,4000,160.08,3,"3 <= Score <= 5"
"2934","80C33597904760378BB3AFD","36",2013-12-19,5000,186.07,3,"3 <= Score <= 5"
"2938","47E93578038667329B540F6","60",2013-07-11,5000,124.24,4,"3 <= Score <= 5"
"2939","47FE359194883956488B582","36",2013-10-25,15000,563.97,4,"3 <= Score <= 5"
"2940","48053585902491351694C9A","36",2013-08-22,4500,148.46,7,"6 <= Score <= 8"
"2949","8DC43575007898696C1E452","36",2013-04-11,3000,113.4,2,"1 <= Score <= 2"
"2951","8DCD35879741875549B06A2","36",2013-08-23,4000,130.75,9,"Score >= 9"
"2953","8DD93597587889176C0F7C6","36",2013-12-19,4000,168.15,4,"3 <= Score <= 5"
"2957","0D8D359165869662495C293","36",2013-10-11,8500,336.57,3,"3 <= Score <= 5"
"2959","0D9135945706230335E6725","60",2013-11-05,15000,384.17,6,"6 <= Score <= 8"
"2963","42B33571930836742B95F08","60",2013-02-21,11500,321.49,2,"1 <= Score <= 2"
"2964","42B63595913679482FE5010","36",2013-12-02,25000,858.7,6,"6 <= Score <= 8"
"2971","2B5D356635833469846CCAA","60",2013-01-17,25000,543.69,10,"Score >= 9"
"2973","2B6435723551413304F4435","36",2013-03-19,15000,537.33,3,"3 <= Score <= 5"
"2976","2B8635955431852911EDEE7","36",2013-12-06,10000,334.01,6,"6 <= Score <= 8"
"2979","2C9F35938533235754D6C7D","36",2013-10-31,22500,778.32,5,"3 <= Score <= 5"
"2980","05693579690733289B44A2F","60",2013-06-17,10000,254.97,7,"6 <= Score <= 8"
"2982","055E3590369524462F4F2FC","36",2013-09-19,10000,370.62,4,"3 <= Score <= 5"
"2984","056B3590820027821984FF8","36",2013-10-21,25000,842.23,4,"3 <= Score <= 5"
"2989","80D835782888249977B0384","60",2013-05-15,13000,327.93,5,"3 <= Score <= 5"
"2990","80DC3585175981228AF5543","36",2013-08-06,12000,382.94,8,"6 <= Score <= 8"
"2991","80E035896524101764EF0C3","60",2013-09-30,18000,471.9,4,"3 <= Score <= 5"
"3001","506D35785627656545A1D3D","60",2013-06-25,20000,458.55,9,"Score >= 9"
"3002","506F3585665723919213A3E","36",2013-08-09,5000,174.77,10,"Score >= 9"
"3007","8DE23594024973866D2D6ED","36",2013-11-12,5000,163.67,11,"Score >= 9"
"3008","8DE73579948331658C58C15","36",2013-06-19,4000,165.15,2,"1 <= Score <= 2"
"3010","8DF73596736009942E79606","36",2013-12-31,15000,501.01,7,"6 <= Score <= 8"
"3013","8E0C3572659307849CD4AC2","60",2013-03-08,15000,314.95,10,"Score >= 9"
"3014","8E0C3591909807105F823F7","60",2013-10-18,10000,282.48,4,"3 <= Score <= 5"
"3017","0CE1359164112622792210A","36",2013-10-22,3500,124.7,9,"Score >= 9"
"3018","0CE83583080522877ADD8BA","60",2013-07-17,5000,119.45,7,"6 <= Score <= 8"
"3019","0CEA3590968355384AD8E89","36",2013-09-27,15000,574.8,2,"1 <= Score <= 2"
"3023","0CF635895559781161C1DF0","36",2013-11-04,3000,106.36,6,"6 <= Score <= 8"
"3025","47B93576338369391F5A193","60",2013-04-23,10000,289.54,3,"3 <= Score <= 5"
"3027","47C535817851350207FC99E","60",2013-06-17,13000,346.16,4,"3 <= Score <= 5"
"3032","48223592805665195893E69","36",2013-11-07,10000,352.56,5,"3 <= Score <= 5"
"3034","2CA03588973043709D191B8","36",2013-10-17,7500,277.93,4,"3 <= Score <= 5"
"3036","2CAD35909138036776B6609","36",2013-10-09,3500,126.53,5,"3 <= Score <= 5"
"3042","2BFC3594906656416E29304","36",2013-11-27,25000,921.46,3,"3 <= Score <= 5"
"3045","05833576474174348F59358","36",2013-04-25,10000,401.1,2,"1 <= Score <= 2"
"3048","05A23588037287006C80A8D","36",2013-09-09,7000,261.9,5,"3 <= Score <= 5"
"3049","05AA3575569167193940384","60",2013-04-09,25000,552.2,9,"Score >= 9"
"3050","05B935877897982287B12B4","36",2013-08-29,3000,125.05,3,"3 <= Score <= 5"
"3053","770135828462195405D9CE6","60",2013-07-01,4000,121.47,2,"1 <= Score <= 2"
"3054","772635945837370248CDFE3","36",2013-11-19,25000,926.54,6,"6 <= Score <= 8"
"3064","50A435784887228338A52F2","36",2013-05-16,10000,366.51,6,"6 <= Score <= 8"
"3066","50C635926278133787EE141","60",2013-12-30,2000,52.65,2,"1 <= Score <= 2"
"3068","50CD359699053569857EFE1","36",2013-12-19,15000,464.25,11,"Score >= 9"
"3070","8E2235971179211215F8F03","36",2013-12-26,15000,550.22,4,"3 <= Score <= 5"
"3073","8E3E35948933703729D1C7E","60",2013-12-11,20000,519.36,5,"3 <= Score <= 5"
"3075","8E4B35878061517487DCF6E","60",2013-08-30,15000,363.1,5,"3 <= Score <= 5"
"3076","8E593584497092950B3F898","36",2013-07-30,4000,160.44,2,"1 <= Score <= 2"
"3077","8E643571165876915E076AC","60",2013-02-22,4000,128.65,3,"3 <= Score <= 5"
"3078","0D5E3586637917000C10F73","60",2013-08-23,25000,621.18,6,"6 <= Score <= 8"
"3082","0D933568955874695BB8684","60",2013-02-08,5000,152.44,6,"6 <= Score <= 8"
"3083","0DA0359627532902144F3B9","36",2013-12-10,4000,163.17,2,"1 <= Score <= 2"
"3086","48233593888240843E28CBA","36",2013-11-26,10000,343.48,4,"3 <= Score <= 5"
"3089","48363591135892684DA8909","36",2013-09-30,4000,148.96,6,"6 <= Score <= 8"
"3090","49003596058546012260BE1","36",2013-11-29,4000,166.54,2,"1 <= Score <= 2"
"3092","49113593605747937FCA452","36",2013-11-22,12000,365.34,11,"Score >= 9"
"3101","2C2C35791156359444788A4","36",2013-05-20,6000,203.87,3,"3 <= Score <= 5"
"3106","05D835688262318107A4163","60",2013-01-15,4000,118.75,5,"3 <= Score <= 5"
"3107","050C3590180693819EA65FF","60",2013-10-03,7500,188.82,6,"6 <= Score <= 8"
"3111","053835837497980917AC7EE","36",2013-07-24,6750,256.36,6,"6 <= Score <= 8"
"3115","68753588261531574C1BED7","36",2013-11-08,2500,84.83,10,"Score >= 9"
"3127","46D43574135365369697570","36",2013-04-09,4000,166.73,3,"3 <= Score <= 5"
"3131","8E6C35827864639665A50AC","60",2013-07-24,10000,307.51,4,"3 <= Score <= 5"
"3132","8E6C3594675387095141BA9","36",2013-12-30,4000,161.67,2,"1 <= Score <= 2"
"3133","8E6F3574749680657DD8A88","36",2013-03-27,4000,163.56,2,"1 <= Score <= 2"
"3136","8E883592322693799A02F8D","60",2013-10-10,15000,380.9,7,"6 <= Score <= 8"
"3138","8E993592865008860F62AFD","60",2013-10-25,10000,260.23,5,"3 <= Score <= 5"
"3142","0D2C3577681202064BE7582","60",2013-05-21,10000,285.3,5,"3 <= Score <= 5"
"3144","0D333568984822921FFEC78","36",2013-02-04,4000,163.56,2,"1 <= Score <= 2"
"3149","49303585121386868F45396","60",2013-08-07,15000,399.41,4,"3 <= Score <= 5"
"3150","494035900729634921CA20C","60",2013-10-04,15000,372.39,6,"6 <= Score <= 8"
"3162","28DF358482348358998DDD9","36",2013-07-24,3000,99.69,10,"Score >= 9"
"3163","28E135926166042445037A1","36",2013-10-31,12000,377.09,7,"6 <= Score <= 8"
"3165","053D3596004788929BE7A65","36",2013-12-02,15000,526.25,3,"3 <= Score <= 5"
"3166","05463597725358512B4391F","36",2013-12-10,7000,268.6,3,"3 <= Score <= 5"
"3167","055E35769007753681D4E61","60",2013-06-10,4000,91.71,8,"6 <= Score <= 8"
"3169","04F035971862075809C9A39","60",2013-12-31,12000,315.93,6,"6 <= Score <= 8"
"3173","56BB35971255623875DF51A","60",2013-12-12,7000,169.67,7,"6 <= Score <= 8"
"3178","56E135911920669249D87A2","36",2013-10-15,3000,109.51,6,"6 <= Score <= 8"
"3179","57043591680496669A6A5FB","36",2013-10-07,3000,103.12,6,"6 <= Score <= 8"
"3181","69D63570458675764F31CF2","60",2013-03-14,4000,126.04,2,"1 <= Score <= 2"
"3183","4709358361721668361A94D","60",2013-07-25,7500,206.25,6,"6 <= Score <= 8"
"3185","47153584533849278337741","36",2013-07-17,4000,166.73,2,"1 <= Score <= 2"
"3186","471D3592466065406FE7D73","60",2013-11-06,15000,386.64,5,"3 <= Score <= 5"
"3188","48513586612857979919759","36",2013-08-20,3500,139.01,3,"3 <= Score <= 5"
"3190","48533591300124091507B67","36",2013-10-01,35000,1162.33,11,"Score >= 9"
"3195","0E6B3596378156146F530D4","36",2013-12-11,9200,305.09,7,"6 <= Score <= 8"
"3203","951135888716971845C55AC","60",2013-09-19,2000,52.05,8,"6 <= Score <= 8"
"3206","952F35935765787329F5384","60",2013-11-14,3000,83.28,4,"3 <= Score <= 5"
"3212","497A357626668543607899D","36",2013-04-15,15000,561.21,4,"3 <= Score <= 5"
"3214","497F3591545717384D1F5EC","60",2013-10-23,10000,277.61,4,"3 <= Score <= 5"
"3217","499435869029230201B5B99","36",2013-08-26,4000,163.56,3,"3 <= Score <= 5"
"3219","2DC93576559872577D1009F","36",2013-05-10,8500,321.29,4,"3 <= Score <= 5"
"3233","051C3595314398821CA257E","36",2013-11-18,15000,501.73,10,"Score >= 9"
"3245","0E7F3591483137660B5ECA0","36",2013-10-22,6500,244.39,5,"3 <= Score <= 5"
"3247","0DC735724229456234056B7","36",2013-03-08,2000,67.38,7,"6 <= Score <= 8"
"3248","0DCD359805239006153CBA4","60",2013-12-20,10000,236.07,6,"6 <= Score <= 8"
"3256","69E63591964959711ADE533","36",2013-10-30,4000,141.02,2,"1 <= Score <= 2"
"3259","69F135791248496024ACF4B","36",2013-06-05,15000,544.09,3,"3 <= Score <= 5"
"3261","6758359440337366257000C","36",2013-11-12,2000,84.08,2,"1 <= Score <= 2"
"3272","49973573882627924472FE0","36",2013-04-10,13000,468.29,6,"6 <= Score <= 8"
"3273","49AA357680498128876582A","60",2013-06-03,13000,282.59,6,"6 <= Score <= 8"
"3276","49B13579507724471FB5A31","36",2013-06-24,7500,295,5,"3 <= Score <= 5"
"3279","49BD3582272426288EC171C","60",2013-06-25,7500,189.19,5,"3 <= Score <= 5"
"3282","2A4E35813772031392BD6C8","36",2013-06-27,5000,184.27,5,"3 <= Score <= 5"
"3283","2A603581704099690FAC0B3","60",2013-06-24,10000,272.73,4,"3 <= Score <= 5"
"3284","2A7A3577829884318ABF7CF","60",2013-05-20,13000,399.76,4,"3 <= Score <= 5"
"3287","2A943576380555835EC9B56","60",2013-04-15,25000,687.49,4,"3 <= Score <= 5"
"3291","05393584077698863C9649E","36",2013-07-10,3000,119.15,3,"3 <= Score <= 5"
"3292","053A3574904162974089D20","36",2013-04-19,4000,166.73,2,"1 <= Score <= 2"
"3293","053A3582643178105FC59EC","36",2013-06-28,10000,324.27,6,"6 <= Score <= 8"
"3302","41AF35895005829498A68A8","60",2013-09-16,10000,273.64,4,"3 <= Score <= 5"
"3305","41B93594066042959CEAC6F","36",2013-11-12,7000,245.58,5,"3 <= Score <= 5"
"3306","41BD3587791913564FA7586","60",2013-09-04,15000,343.91,7,"6 <= Score <= 8"
"3308","0DEC3592127496608E0B6F2","36",2013-10-24,4200,151,6,"6 <= Score <= 8"
"3310","0D2A3575541488620EE2EA7","60",2013-04-16,2000,64.33,3,"3 <= Score <= 5"
"3321","67703571655427633C57F39","60",2013-03-05,13000,357.5,9,"Score >= 9"
"3322","67713591386747097589278","60",2013-10-08,10000,232.63,7,"6 <= Score <= 8"
"3324","95643583269597557007D21","36",2013-07-11,4000,163.56,3,"3 <= Score <= 5"
"3326","8AF53574892202049B6DC62","36",2013-04-23,9000,289.31,9,"Score >= 9"
"3327","8B003585751635412A08AF1","36",2013-08-23,15000,566.98,5,"3 <= Score <= 5"
"3328","8B053579777675369E22BCC","36",2013-06-21,12000,370.47,10,"Score >= 9"
"3329","8B073590496681851F40BE1","60",2013-10-09,15000,377.64,5,"3 <= Score <= 5"
"3333","49C335680409079892BB911","60",2013-01-08,10000,273.52,5,"3 <= Score <= 5"
"3336","49EE3567601651749D6CF00","36",2013-01-25,20000,679.58,7,"6 <= Score <= 8"
"3342","2A973591843487751CC4E8E","36",2013-10-31,4000,163.28,2,"1 <= Score <= 2"
"3343","2AA33590982977784C48C08","36",2013-09-30,4000,166.52,3,"3 <= Score <= 5"
"3344","2AAA358033327467902B9E8","36",2013-06-14,7500,277.93,4,"3 <= Score <= 5"
"3346","2AB8359616126680323CA29","60",2013-12-11,20000,472.13,9,"Score >= 9"
"3351","048735912801873347D4622","36",2013-10-17,3000,112.18,5,"3 <= Score <= 5"
"3352","048C3590901466693EE2EEC","36",2013-09-30,7500,272.65,5,"3 <= Score <= 5"
"3356","049C35921848362532D0F3A","36",2013-10-30,10000,359.52,4,"3 <= Score <= 5"
"3357","05823588774636539638EE7","36",2013-09-18,11000,385.91,11,"Score >= 9"
"3372","4C0E3589963770415180B94","36",2013-10-24,18000,548,11,"Score >= 9"
"3373","4C113578899144417B03771","36",2013-05-08,5000,189.89,3,"3 <= Score <= 5"
"3375","4C3A35783760190820B92D4","36",2013-05-07,4000,154.26,3,"3 <= Score <= 5"
"3382","957C3586349111253F05E18","60",2013-08-13,4000,117.55,4,"3 <= Score <= 5"
"3384","958235839799436041449CA","60",2013-07-17,15000,354.81,4,"3 <= Score <= 5"
"3387","4A19359163835885279464A","36",2013-10-22,10000,345.92,8,"6 <= Score <= 8"
"3391","4A2D35780804672959FC6A6","60",2013-05-08,15000,390.26,5,"3 <= Score <= 5"
"3397","556C359618868284691131C","36",2013-12-27,15000,470.67,10,"Score >= 9"
"3406","2A8B35858168104934A6840","36",2013-08-14,19000,667.89,5,"3 <= Score <= 5"
"3407","2A8C3576111489017E639C7","36",2013-04-16,10000,381.85,3,"3 <= Score <= 5"
"3416","0CFF3589272381484913328","36",2013-09-19,3000,101.07,5,"3 <= Score <= 5"
"3423","059135904162159071EA963","36",2013-11-15,8000,296.49,4,"3 <= Score <= 5"
"3424","059735803267045299FD349","36",2013-06-04,15000,569.68,3,"3 <= Score <= 5"
"3428","05A83572629400915812E33","36",2013-02-27,4000,172.76,2,"1 <= Score <= 2"
"3433","41E43594929532739C02ED8","60",2013-12-04,30000,698.05,9,"Score >= 9"
"3434","41EB3596587262374503DBA","36",2013-11-29,10000,372.15,5,"3 <= Score <= 5"
"3440","8B213590209103997E6097B","60",2013-10-09,15000,380.9,6,"6 <= Score <= 8"
"3449","4A3435914877808963C0152","60",2013-10-24,15000,393.25,4,"3 <= Score <= 5"
"3455","4A5135921231627271CA652","60",2013-10-28,8000,247.59,4,"3 <= Score <= 5"
"3467","2BE43596296504160D0C44E","36",2013-12-05,2000,74.02,4,"3 <= Score <= 5"
"3469","2BF43596986015084100EA1","36",2013-12-12,4000,168.15,2,"1 <= Score <= 2"
"3471","2C5835904681591318656C0","36",2013-10-01,12000,459.84,5,"3 <= Score <= 5"
"3475","0D16359072947892575D931","36",2013-10-11,10000,325.02,11,"Score >= 9"
"3476","0D183584710693694451348","36",2013-07-30,12000,476.61,3,"3 <= Score <= 5"
"3477","0D983592189334655C73B08","60",2013-10-16,6000,144.32,10,"Score >= 9"
"3481","0DA33595148570210F2821F","36",2013-11-19,10000,395.96,3,"3 <= Score <= 5"
"3484","04E9358676792270061CB9A","60",2013-08-22,21000,568,7,"6 <= Score <= 8"
"3487","04F235942357026122CB750","36",2013-11-27,4000,153.49,3,"3 <= Score <= 5"
"3489","04F33579345600911C4F638","60",2013-06-20,25000,630.63,7,"6 <= Score <= 8"
"3491","0532356974093111348EB65","60",2013-02-11,25000,653.89,5,"3 <= Score <= 5"
"3493","422435691914487111A312E","60",2013-01-17,4000,126.85,2,"1 <= Score <= 2"
"3494","422935805716522287AC353","60",2013-08-02,15000,368.69,5,"3 <= Score <= 5"
"3497","42593593314862656F0248C","60",2013-11-12,8000,209.73,5,"3 <= Score <= 5"
"3502","863335693148352491AC0B4","36",2013-05-01,10000,366.51,4,"3 <= Score <= 5"
"3508","865D35873181204955C8547","36",2013-09-03,2000,74.83,3,"3 <= Score <= 5"
"3512","4A6F35956835844780537D9","36",2013-12-12,4000,166.54,2,"1 <= Score <= 2"
"3516","4A833571337890949B23794","60",2013-02-22,16800,406.67,7,"6 <= Score <= 8"
"3517","4A8335896636411073B7AD1","60",2013-11-05,18300,471.7,4,"3 <= Score <= 5"
"3518","4A8435938236005549A3C0C","60",2013-10-31,25000,610.61,8,"6 <= Score <= 8"
"3520","78193591017270961FF7FB3","36",2013-09-26,6000,182.67,11,"Score >= 9"
"3521","781C35845951604268BD250","60",2013-09-27,25000,610.61,4,"3 <= Score <= 5"
"3526","6919359326326435741FC2E","36",2013-11-01,6000,195.01,8,"6 <= Score <= 8"
"3529","2C6B3597605031395BB6657","36",2013-12-20,12600,417.84,9,"Score >= 9"
"3531","2A66357833623927460459E","36",2013-05-28,2000,79.44,3,"3 <= Score <= 5"
"3539","0E79359540365592463D9E4","36",2013-11-22,4000,138.37,6,"6 <= Score <= 8"
"3540","0E9B359270006306504D57D","36",2013-10-17,4000,168.17,4,"3 <= Score <= 5"
"3541","0EA635853910954425C8E44","60",2013-07-30,23000,632.49,5,"3 <= Score <= 5"
"3552","053B35856746530660FEA92","36",2013-08-19,15000,595.76,7,"6 <= Score <= 8"
"3562","965A35914838767149C4DD5","60",2013-10-21,10000,256.12,6,"6 <= Score <= 8"
"3563","96623574254949551065E37","12",2013-03-26,3500,312.27,5,"3 <= Score <= 5"
"3564","96663589967754151F34ECE","36",2013-09-19,15000,539.28,5,"3 <= Score <= 5"
"3571","96BC357238566484470F8EF","60",2013-03-11,21000,572.74,4,"3 <= Score <= 5"
"3572","96BC35843604056434BB234","60",2013-08-06,20000,467.34,6,"6 <= Score <= 8"
"3574","8BBA3585140881118FBD815","60",2013-09-16,11500,301.49,7,"6 <= Score <= 8"
"3576","8BCE3591129883361B876AC","36",2013-10-11,8500,292.16,9,"Score >= 9"
"3582","86963596821579931FE8254","60",2013-12-27,15000,392.42,4,"3 <= Score <= 5"
"3585","86A93580314250614026F64","36",2013-05-28,2000,62.3,10,"Score >= 9"
"3592","4A9D35749909207888ABF18","36",2013-04-15,2000,83.37,2,"1 <= Score <= 2"
"3597","693435900525895578B8728","60",2013-11-08,20000,449.86,6,"6 <= Score <= 8"
"3598","69353576970002557F1E206","60",2013-04-17,4000,130.2,2,"1 <= Score <= 2"
"3599","6937359635594860482DD9C","36",2013-12-05,35000,1207.3,5,"3 <= Score <= 5"
"3602","79D93581557201130C66865","36",2013-06-21,15000,584.25,2,"1 <= Score <= 2"
"3606","2A95358533000809627CC85","36",2013-08-13,7000,259.4,3,"3 <= Score <= 5"
"3607","2A9735669581530456E5D48","36",2013-01-14,4000,149.04,7,"6 <= Score <= 8"
"3610","294D3568762420736613402","36",2013-02-22,2000,64.29,9,"Score >= 9"
"3612","0EC63595705391260041A7F","60",2013-12-10,15000,329.06,9,"Score >= 9"
"3617","0E4235913169643321B857E","36",2013-10-30,3000,118.79,3,"3 <= Score <= 5"
"3619","0E5D35908359788300BC6F3","60",2013-10-01,21000,546.49,7,"6 <= Score <= 8"
"3620","0E5E35934293917668E4984","36",2013-10-31,9000,348.86,3,"3 <= Score <= 5"
"3621","42C13596505987736CF1F1A","36",2013-11-29,7500,263.12,7,"6 <= Score <= 8"
"3625","41EE3593248334139E4FDD4","36",2013-11-13,6000,196.4,7,"6 <= Score <= 8"
"3628","420135675320827010476DA","12",2013-01-08,15000,1384.64,6,"6 <= Score <= 8"
"3636","05833591472206506069643","60",2013-10-21,10000,265.77,7,"6 <= Score <= 8"
"3637","0587357887910282530B522","60",2013-05-16,15000,343.91,7,"6 <= Score <= 8"
"3638","05863593137260555A83996","60",2013-10-24,13500,381.35,5,"3 <= Score <= 5"
"3645","959A3584423623679E94779","36",2013-08-01,10000,370.57,3,"3 <= Score <= 5"
"3648","4AB035984412223256F863A","60",2013-12-31,10000,265.5,2,"1 <= Score <= 2"
"3652","4AD4356971796924960A7FF","36",2013-01-24,10000,334.49,7,"6 <= Score <= 8"
"3654","4AE23590698633407DA7BA8","36",2013-10-07,7000,283.12,4,"3 <= Score <= 5"
"3660","7A0A3594619090483601F52","60",2013-12-17,10000,237.9,7,"6 <= Score <= 8"
"3667","0DAE3584249936166EF282E","36",2013-07-18,15000,494.85,6,"6 <= Score <= 8"
"3672","0DE43575864131372F6EBD3","36",2013-04-12,4000,133.8,7,"6 <= Score <= 8"
"3680","2DD7357609911135576504F","60",2013-04-22,15000,447.24,3,"3 <= Score <= 5"
"3683","421135897519764547FF373","60",2013-09-25,25000,650.58,7,"6 <= Score <= 8"
"3686","421E3575325940535DC5896","36",2013-04-03,10000,372.6,2,"1 <= Score <= 2"
"3688","421F3582221280172CC9A7F","60",2013-06-18,10000,266.28,3,"3 <= Score <= 5"
"3693","05A33586722524795538F77","60",2013-08-22,15000,447.24,6,"6 <= Score <= 8"
"3707","7737359170890543121C321","36",2013-10-02,10000,391.23,5,"3 <= Score <= 5"
"3708","774035967345559580462F5","60",2013-12-13,19000,426.4,9,"Score >= 9"
"3712","4AF035967062190983893DF","36",2013-12-18,4000,166.54,2,"1 <= Score <= 2"
"3722","752C3590165411136E76F66","36",2013-10-17,10000,308.73,7,"6 <= Score <= 8"
"3734","0E9A3592141390674CD36BF","36",2013-10-18,4000,163.28,4,"3 <= Score <= 5"
"3735","0E9B359535073728564F953","36",2013-11-20,2000,79.19,4,"3 <= Score <= 5"
"3736","2DEF358096684260440896D","36",2013-06-14,3500,129.7,3,"3 <= Score <= 5"
"3739","2DFA3587876863643CA262C","60",2013-09-12,15000,358.35,8,"6 <= Score <= 8"
"3741","2E0435775557948850FD70C","36",2013-04-24,3000,114.56,4,"3 <= Score <= 5"
"3743","2D07359000097956199D34F","60",2013-09-26,15000,377.64,5,"3 <= Score <= 5"
"3744","2D0E35964338772330232FC","36",2013-12-19,6000,194.7,10,"Score >= 9"
"3754","05973578087798090A529F9","36",2013-05-01,10000,362.73,3,"3 <= Score <= 5"
"3756","05B23589240114534AC0BD9","36",2013-09-17,9000,338.38,4,"3 <= Score <= 5"
"3758","05B935946900700382891FB","60",2013-11-22,15000,398.66,8,"6 <= Score <= 8"
"3759","05BC359213319276233D8B7","36",2013-10-21,35000,1187.57,7,"6 <= Score <= 8"
"3760","05D035915124017276E6A2F","36",2013-10-18,10000,395.96,2,"1 <= Score <= 2"
"3762","06D33590755144004182E78","60",2013-10-22,15000,401.17,2,"1 <= Score <= 2"
"3765","95B735966555105555A5E2F","36",2013-12-19,2000,64.44,7,"6 <= Score <= 8"
"3767","95C6357958734479714B72D","36",2013-06-05,2000,69.42,6,"6 <= Score <= 8"
"3771","4B123588586961021E7C98D","60",2013-08-27,9000,273.31,4,"3 <= Score <= 5"
"3775","4B3A35964615289559D1151","60",2013-12-26,8000,218.68,3,"3 <= Score <= 5"
"3776","4B3C3565967268074213545","36",2013-01-07,8000,305.48,3,"3 <= Score <= 5"
"3777","4B403585463842508D5BD17","60",2013-07-31,4000,94.61,7,"6 <= Score <= 8"
"3779","0EA23578329305298484ACE","60",2013-05-08,10000,236.54,7,"6 <= Score <= 8"
"3784","0E193592800029353B3A156","36",2013-10-28,6000,195.01,6,"6 <= Score <= 8"
"3787","0E343581157529075FC619B","36",2013-06-27,10000,389.5,2,"1 <= Score <= 2"
"3800","57C935801885219280C5B78","60",2013-06-05,4000,130.2,2,"1 <= Score <= 2"
"3803","6AAE3594640630460C267A1","36",2013-11-15,9000,280.62,11,"Score >= 9"
"3817","49EC3590500785391CF1953","36",2013-09-23,10000,383.2,3,"3 <= Score <= 5"
"3818","49F835899138716649153CA","36",2013-09-20,5500,199.94,5,"3 <= Score <= 5"
"3821","4A053577259909462C38A29","60",2013-06-11,25000,584.17,7,"6 <= Score <= 8"
"3823","4A1535915053928777962AF","60",2013-10-18,4000,104.09,7,"6 <= Score <= 8"
"3824","0601357865006380900A64F","60",2013-05-15,10000,238.9,7,"6 <= Score <= 8"
"3825","06063572302681469D3F008","36",2013-03-12,6000,189.38,10,"Score >= 9"
"3830","062035805373215194D9CCE","60",2013-05-29,15000,318.63,6,"6 <= Score <= 8"
"3836","97193591172000276E18004","36",2013-10-07,4000,155.05,3,"3 <= Score <= 5"
"3840","972835661012129351748F7","36",2013-02-12,25000,921.34,5,"3 <= Score <= 5"
"3841","973835984788676675DF5D9","36",2013-12-23,15000,531.44,4,"3 <= Score <= 5"
"3843","4B43359404002008372AC1D","36",2013-11-05,11000,357.53,6,"6 <= Score <= 8"
"3848","3FFF35882816690364E2AD3","36",2013-09-09,23000,758.78,8,"6 <= Score <= 8"
"3855","0F753584133513380E85973","60",2013-08-02,5500,131.39,6,"6 <= Score <= 8"
"3866","68413577311819591D1B647","60",2013-05-01,20000,520.35,6,"6 <= Score <= 8"
"3885","47AC35935470667982CEA04","36",2013-11-08,6500,214.62,7,"6 <= Score <= 8"
"3894","064C3593080152312049295","36",2013-10-28,15000,560.9,6,"6 <= Score <= 8"
"3897","97483573901697417CEA1F8","36",2013-04-08,15000,537.33,6,"6 <= Score <= 8"
"3901","8BA13593228931838591E1A","36",2013-11-18,7500,252.67,6,"6 <= Score <= 8"
"3903","8BAF3583703745156F52C90","60",2013-07-23,15000,461.26,4,"3 <= Score <= 5"
"3910","4A7E3597024371880A6894A","60",2013-12-26,10000,263.27,5,"3 <= Score <= 5"
"3913","0F9C359806054831563D535","36",2013-12-31,8000,263.39,6,"6 <= Score <= 8"
"3915","0EB33581283798571684FF0","60",2013-06-28,6000,149.08,7,"6 <= Score <= 8"
"3918","0EC135739861479852EBC8D","60",2013-03-21,25000,564.87,8,"6 <= Score <= 8"
"3922","BEB03598668524626E38638","60",2013-12-24,4000,122,4,"3 <= Score <= 5"
"3923","BEB13581201615392EC8A8B","36",2013-06-21,4000,163.56,2,"1 <= Score <= 2"
